0,586112.7568708616
1,614418.086240374
2,423299.90115152096
3,381387.7785704256
4,532191.6212493812
5,664585.5485269371
6,173326.60552950721
7,199349.42389968556
8,461996.15690832434
9,132852.20843866776
10,907577.7829868672
11,415610.9006938972
12,465471.68038094044
13,243408.12212310807
14,275982.5319291283
15,727167.6098485361
16,1041854.2675687084
17,549691.3134642764
18,639630.3089383916
19,101158.85246045509
20,696054.9429449163
21,483791.18383456994
22,1309380.124340559
23,195773.74126208527
24,72383.8517356391
25,162574.50256415614
26,600700.8585520182
27,341164.4871847428
28,492398.18786433403
29,69215.88627254736
30,531837.4845334997
31,619124.6571952862
32,573634.0764139333
33,511798.86972521694
34,1440982.6880016988
35,1037900.8744181269
36,-4325.702715640422
37,593482.0991503277
38,1189668.661395215
39,90368.78194530169
40,205992.49310624797
41,478913.87829256046
42,406402.6660534539
43,399528.51615187305
44,390151.381826218
45,558869.8370393116
46,798502.852944293
47,497095.19135507225
48,884130.6792423815
49,385226.9017465017
50,128792.44323206414
51,1198481.6142403085
52,661455.2831328498
53,145641.43908565113
54,623754.5354785067
55,463802.1284575504
56,429741.2749837144
57,791695.1210842845
58,132709.1326490944
59,433465.17401406134
60,590679.5706785969
61,462023.2828908572
62,423792.4815369397
63,1158601.8366183855
64,592878.1325015704
65,377087.15378322673
66,909791.6099953181
67,384243.7653103382
68,413363.4143548897
69,640972.8365420732
70,832288.7882854359
71,584050.7057392584
72,1034826.7241391052
73,-112816.4747876419
74,331107.5036903174
75,817601.1769310624
76,799825.9267913008
77,126618.5078039986
78,292399.78821218404
79,388545.5709959788
80,415957.1961312361
81,777361.0210034708
82,497036.3409291656
83,632094.7231350783
84,1152575.8598082955
85,275233.64413339586
86,850804.0188448731
87,477799.40931572363
88,-60719.30284292647
89,430141.56557459506
90,281562.23780471797
91,433911.3465097081
92,462216.6758792206
93,546893.5340837894
94,293138.58732748055
95,822776.4630096244
96,335908.3863775844
97,294621.67059095873
98,439754.1182201019
99,636584.2948992044
100,331657.55435480864
101,807156.4831563348
102,-2981.932511235005
103,284318.71944908635
104,-256064.59850774298
105,404101.05468373734
106,906305.7757761283
107,497375.8618805569
108,280804.60986033885
109,99088.92381979979
110,592092.235299085
111,1479095.5391742196
112,800009.3060124716
113,118534.09589389293
114,264354.92536038475
115,386403.7850592844
116,416303.89911173226
117,1521908.106183504
118,520459.9544900758
119,60567.476863978256
120,464592.7772006498
121,1030160.8738346868
122,1451066.5085264533
123,672784.0372055885
124,661138.3212028409
125,262246.3261188538
126,224867.2784722342
127,437523.68621875223
128,197485.53562245978
129,126426.33349437418
130,373745.7410605197
131,2525.556773851509
132,255332.60672332963
133,668693.1787089079
134,158186.62731542008
135,516400.94665592915
136,688625.6822681614
137,406030.29177326954
138,226978.88423132233
139,544259.1905881914
140,381813.0885803959
141,748000.2419027875
142,117692.74409009796
143,496426.3745614994
144,1087266.7381359302
145,401959.7575036001
146,125865.39671962516
147,573314.6466998878
148,235320.82810461475
149,295222.8362206267
150,292691.5654292165
151,463602.65162795177
152,668064.5219606132
153,554108.1969359303
154,858528.8305233162
155,710116.6097151309
156,609229.4160207498
157,474809.5090378467
158,219125.64779867284
159,680488.3093175723
160,691323.2760839937
161,466774.8759418615
162,253094.90210849012
163,643468.6157811275
164,356390.5102282779
165,574329.6729494418
166,564405.9504987566
167,410382.6473531461
168,436534.44672161154
169,1528047.5443514916
170,59424.24600619974
171,414237.40155098436
172,551958.8843502505
173,487351.935188563
174,543386.9852710814
175,675439.5978622861
176,298723.0070750354
177,319091.3642704454
178,178470.23206150683
179,312720.71704445273
180,1496982.2789661975
181,916539.4918849173
182,1220944.4015089436
183,780816.7161627319
184,1763540.8201535982
185,528670.6528283551
186,528611.9386426379
187,101470.6155152623
188,524761.9054275232
189,254541.15027514764
190,374588.06798342185
191,658686.5972423156
192,288398.37691771257
193,316703.7062872251
194,305730.64057256945
195,348266.34656661574
196,331062.8455624511
197,618222.7088988547
198,592128.249374763
199,355178.68040649337
200,166691.48987425864
201,258892.02495139424
202,323576.2128152759
203,1048390.5893851782
204,969499.2656813889
205,186367.354115316
206,176958.24412714888
207,398844.4877738694
208,994848.346265354
209,211468.14073741657
210,26648.80309436214
211,602101.3062930363
212,529492.2301810762
213,108618.1283351449
214,152227.76524718455
215,797866.3990863811
216,270632.22714660293
217,665716.7000162306
218,1081315.61995068
219,197617.81500026444
220,306275.6256620973
221,753084.8910178918
222,427053.138431741
223,1312981.2341688075
224,774772.031335061
225,319973.62321404245
226,828045.851774242
227,329699.8798653826
228,132136.84897471912
229,614975.0658545777
230,611543.8881399976
231,1006233.5085321646
232,913113.9670735123
233,66324.65171460429
234,252611.54749122745
235,488126.21851497935
236,564555.8889948617
237,634560.2419233905
238,106998.12844338483
239,461829.64887315064
240,546404.4203176451
241,191134.89823645685
242,710544.8536820385
243,156273.64564928907
244,278594.4965179586
245,430834.9041131164
246,41476.2434714883
247,489175.9361436779
248,928758.364451593
249,611587.5187845723
250,487064.58129371365
251,719153.251996391
252,298210.8607718834
253,240403.81023121468
254,366602.2959095023
255,478884.6930354745
256,437836.87432989094
257,339829.5262296129
258,566607.2023892212
259,396416.2483274194
260,392890.91075953457
261,850626.5363586782
262,608477.609289357
263,593916.3352419025
264,205588.13644479145
265,582504.3461411241
266,474611.7689369064
267,194956.04473917856
268,2032279.46856387
269,298707.39457293943
270,1085350.6495516931
271,1150276.8918027536
272,7647.219912006287
273,633219.9982344755
274,609556.7781938203
275,410081.02404305316
276,1188900.7682901872
277,271264.6935267266
278,521564.8464698348
279,1101613.3593711155
280,854020.2016309267
281,643714.4546325735
282,203637.02290702786
283,210930.09917727998
284,525415.0190503267
285,844337.6409672329
286,-19451.22242178279
287,431981.65203772625
288,253325.90365245618
289,421013.96757674555
290,-153546.65352657973
291,-125241.32415706723
292,753322.4294734398
293,20091.6675811155
294,416604.0375301719
295,1048351.9657540541
296,756676.0104621581
297,477493.96357514913
298,849229.3547220028
299,449706.9420971082
300,500908.99076819525
301,313866.7251135771
302,211865.71383126156
303,835408.0813541908
304,999853.4749853316
305,397771.2243994217
306,1009859.2153702258
307,540135.4578296441
308,164548.66747475124
309,144818.9873168891
310,1047002.5889623951
311,1054765.6521676679
312,-29481.732575767208
313,-29481.732575767208
314,-1176.403206255054
315,-16653.609206262277
316,611969.1622112618
317,483336.17692289443
318,895999.5359350457
319,572105.7593623247
320,227717.0465409871
321,204744.76072865963
322,663881.071411582
323,120755.90031124919
324,171229.53710735176
325,236818.81537576404
326,421139.58385003876
327,160937.3660033482
328,443026.57789953204
329,519806.1225574806
330,3065.560802380787
331,358639.51782648487
332,535056.721807566
333,-78558.35034053074
334,374172.9812645944
335,554660.920349908
336,1051859.9237492676
337,499646.1727655983
338,184183.25614148186
339,1034082.9127438636
340,694702.7063016411
341,102178.19160106318
342,746428.6473691894
343,578850.6471151768
344,308745.1717424174
345,276528.86788427114
346,434573.7000122803
347,517641.5309459068
348,699951.2464227655
349,346032.55410704034
350,851063.2773081907
351,415468.1496112371
352,489867.88240027294
353,544933.5699092702
354,202551.2024786487
355,106835.92132641497
356,627082.335924767
357,1279759.0524237673
358,822500.8707608496
359,1115871.2914206865
360,516753.176766586
361,236005.43007783842
362,451284.97556339315
363,665383.3496807104
364,572392.977284789
365,794170.752630504
366,637148.4870274671
367,1521335.101693701
368,202555.66005752893
369,221746.23744265322
370,847321.0430961025
371,219926.10073248396
372,205759.60514674115
373,479377.6645583779
374,200664.46412101277
375,787907.7074053754
376,927817.503277471
377,621146.2178939729
378,572679.8927625805
379,395056.8162435547
380,722640.7138772376
381,513737.9632618284
382,710173.5754303264
383,141098.90505593887
384,482340.62227556464
385,472336.88418706524
386,506866.31290997827
387,1037316.1708019956
388,852504.6178998377
389,1445927.169573553
390,321353.60609244765
391,865354.5278985982
392,587612.3424976981
393,523815.33888574404
394,194071.28643504344
395,379445.2090473132
396,743476.4560286184
397,448685.46053176874
398,692706.7171352559
399,586575.422154136
400,1004609.8616640994
401,254922.4975958129
402,608462.7471758171
403,296418.38855232246
404,223977.32243603125
405,255864.0831820232
406,754884.4734508784
407,433204.03765001846
408,302918.05991437216
409,508258.10596409946
410,416316.3509165991
411,264646.74636765633
412,548946.6595198123
413,844042.7783158973
414,173528.16173906863
415,553773.8654090283
416,32001.298525148828
417,780634.9173161964
418,373938.8277081873
419,841607.7791022271
420,533397.1494321608
421,862945.0447590519
422,582116.6790555833
423,733590.4290588545
424,164880.47147090756
425,197975.6905378413
426,619010.4980790949
427,185864.3502266553
428,445836.2040445354
429,478759.192518651
430,437819.55233792117
431,916132.6334077001
432,216275.9109035221
433,816200.1073520747
434,499214.5231894548
435,487760.57549134473
436,488537.9934599622
437,800220.5972257559
438,440966.5925711695
439,413611.5074663433
440,547865.6409307396
441,585555.9665807637
442,586309.4622050105
443,572872.1314310773
444,888830.5389772796
445,320726.28061704023
446,287498.5698529097
447,388571.70203336806
448,358459.3683177987
449,242527.00644426834
450,252061.80533900345
451,808385.1563582607
452,755498.0424760687
453,709944.0608439931
454,831051.6222574844
455,237869.90747324948
456,510061.069875189
457,366921.1016157295
458,629427.4581917227
459,213063.99993191386
460,457672.13573010487
461,17981.538596727012
462,758180.3865789127
463,-89544.37356519513
464,322072.0405031939
465,591148.0078388718
466,1166015.6941976466
467,549733.4364744255
468,433077.22799985163
469,576787.0002768282
470,322021.35515652585
471,439493.76202139317
472,124073.26039241377
473,505999.68440982525
474,534305.0137793378
475,390860.5783394433
476,474498.5533420354
477,1857726.028727559
478,271807.24315386085
479,577888.1152561123
480,757954.8591509805
481,234034.0671915532
482,342020.088424931
483,488147.5937799638
484,720148.2250384213
485,541204.4887618412
486,913147.1769861849
487,241047.4649784788
488,1216407.753995842
489,778442.7695384554
490,769850.5869674842
491,426296.79656466545
492,-74153.31532954099
493,324076.18318879313
494,251213.89400466025
495,612823.9627975769
496,681907.965726644
497,730313.7953005405
498,367408.0547912618
499,413750.99844785733
500,306426.14926874975
501,1004254.1691218703
502,349658.13719761453
503,469923.13966392074
504,496418.14946027583
505,481523.8341386501
506,511901.1432337498
507,313832.61654799455
508,243613.08207143442
509,354244.3810163974
510,263456.7351420291
511,297434.98528116604
512,477531.50834287086
513,570470.2463923718
514,631369.6313928647
515,428703.9621392171
516,481881.07682528085
517,-382.06205610197503
518,409699.2208185949
519,716153.5649250865
520,185651.14751736255
521,157719.1215498927
522,637952.4575711879
523,766406.656263123
524,375396.8112858111
525,951748.7033557615
526,664320.7774831117
527,716651.2931389601
528,501608.71648354054
529,151850.50927407038
530,227220.17986764968
531,725015.1686460446
532,551155.8456712714
533,598990.620928976
534,333808.96468829724
535,428364.4980843735
536,304572.6183921219
537,926348.655187537
538,708479.543319181
539,517634.52109319397
540,256674.27403826243
541,658077.493431612
542,689179.6287118695
543,479489.8380204713
544,619350.9793006057
545,571085.9520115415
546,270097.4189786598
547,556092.1108305523
548,1408093.223547026
549,264992.0293607641
550,59902.905034585565
551,16808.915721631376
552,374884.13763241784
553,199318.80371239345
554,787714.0725165128
555,17829.79700056842
556,835620.7079639072
557,38793.89740275679
558,445649.85120444273
559,449252.2059115616
560,589401.2318765054
561,502513.07836119435
562,530818.4077307069
563,370248.09787268436
564,836453.3825614215
565,595383.9693837953
566,536905.7180190627
567,463583.3093674326
568,556204.0597484491
569,838534.1719114676
570,388956.0794473577
571,371430.0741667741
572,190543.97485540697
573,628971.1224598947
574,424546.02550629684
575,407759.5010386114
576,778163.9021473012
577,192763.18752068933
578,160235.4526390666
579,346871.0099211592
580,462064.9763661613
581,460750.54316109733
582,735330.3637222099
583,189155.63622512668
584,287580.36211869365
585,536057.3574099984
586,551890.0803318775
587,327899.2681170163
588,471046.18539967627
589,657802.748908933
590,420930.12413590477
591,403218.61410130456
592,468486.8299426166
593,458428.60712110833
594,219574.5775279387
595,647242.0262834851
596,-3749.7917850263184
597,67548.88687837665
598,757269.201049655
599,580978.3929623911
600,394012.37070551456
601,658772.3856470322
602,108400.19026935019
603,298793.6105505284
604,706456.489494491
605,1536868.5445987699
606,131181.4155918311
607,999213.8954520221
608,205745.0731943957
609,2422191.6600276795
610,722953.7414566193
611,141188.0753513981
612,1820006.332052059
613,1140994.227928254
614,1316421.9247307214
615,685701.180597652
616,115969.64059056941
617,108993.03658683959
618,378605.24739122397
619,294900.5302159461
620,579088.6928356141
621,676311.8061358348
622,331343.4137685659
623,347972.114794528
624,335586.15039168915
625,327112.26930467726
626,961117.2313071485
627,439019.7969488845
628,400051.6354271212
629,952757.9910513625
630,465298.35402656277
631,449742.7249618498
632,105029.28934573341
633,522185.82932203915
634,472860.3374261857
635,546299.7871532049
636,177698.3663750242
637,270624.1632726032
638,359042.7553475172
639,371839.9406300187
640,1711226.5817870554
641,519993.05398554425
642,739940.5101725139
643,139359.69771878852
644,52151.4427117125
645,835336.4816771566
646,422250.0586401699
647,446084.87972408795
648,790796.9426128697
649,411992.8442487095
650,552606.3098436419
651,1287563.0372765393
652,588224.5273686433
653,-39736.46097492543
654,1010130.4896596825
655,292304.4740033499
656,111262.85196353059
657,293994.4830881264
658,439233.89411025593
659,825685.904178493
660,202314.14925079735
661,517135.6014507401
662,1109684.0711530102
663,579372.2371301347
664,410391.6505401898
665,561236.7444102649
666,930383.420393731
667,578592.1037214998
668,697406.3414622135
669,39335.84576503403
670,1075558.2729550835
671,212535.99793951568
672,891851.7662776709
673,577879.4103904798
674,99257.66338235844
675,343735.229768076
676,313499.4221559005
677,648104.867238286
678,413780.2630409609
679,557575.048005943
680,646019.7625882904
681,385520.3951818287
682,530115.4503395231
683,411256.6008999517
684,330201.0593875302
685,491386.38855481084
686,335062.15180356754
687,364694.36521223036
688,546076.3544605857
689,498306.1028119768
690,1803953.9398152637
691,296533.7357437139
692,393402.8946703653
693,250430.58738191955
694,239115.2428446231
695,447604.8738309171
696,325249.46408456797
697,489544.263114061
698,277273.07157678786
699,656225.5946481661
700,407747.69117100094
701,350024.0903936041
702,405925.48321739654
703,430082.18480728107
704,410402.5562345651
705,1736096.2761145323
706,99761.01108147111
707,702601.5863095406
708,193835.68266177655
709,583948.9776749787
710,97977.85135809198
711,698295.3032396082
712,852400.2963168558
713,246459.60990300064
714,1400292.3741366584
715,1334508.2172085745
716,231412.6419765008
717,844338.5646995892
718,270395.36318098387
719,655837.2514217184
720,632130.6574984104
721,649834.328901164
722,628673.0543294877
723,297825.67383287393
724,261010.98671569908
725,738330.9410905379
726,353597.1817219256
727,401326.7072023569
728,237850.22165603214
729,347568.2590403147
730,312253.0130411404
731,574613.8582731399
732,555682.6642390873
733,844498.5855386129
734,711919.0616498363
735,622487.9256573787
736,509018.80570700724
737,364552.5327149248
738,317194.2898724829
739,488639.1525293826
740,360028.6157242744
741,621545.1160517561
742,-95695.48281749478
743,512074.2417883444
744,590516.345826522
745,256210.42246077902
746,413627.75400612125
747,1093008.1402113244
748,283145.1859058342
749,298770.56439707556
750,422675.9119144003
751,801369.8197319778
752,244815.6550250667
753,430348.11407141975
754,308463.79835778923
755,582395.5960436469
756,300890.1466881165
757,330155.73522074625
758,559437.7768415053
759,101926.82968202088
760,876131.8718342705
761,449514.8387309803
762,-292766.4388519968
763,703392.9571229304
764,427270.6012113792
765,463467.9384046017
766,933391.8436189506
767,1390651.7897759206
768,190414.4144836614
769,-74175.83082772698
770,590466.4509157012
771,466350.32647477114
772,554588.879671838
773,255581.2178433587
774,166042.07013827836
775,314676.666493263
776,573348.1773789934
777,487071.9870965316
778,284678.27436915017
779,1489840.322534604
780,480883.7442445569
781,939131.7287171704
782,769410.3035712233
783,949507.27890207
784,337164.3659365785
785,1275459.4064520523
786,441763.3108845084
787,281577.6937537681
788,429209.7619866587
789,870184.2460812475
790,581781.1664126633
791,232407.28045935504
792,696796.0073220842
793,845794.2426766595
794,-14186.57941433473
795,383677.7752691569
796,595581.2453437428
797,834751.5668090647
798,398510.2018073739
799,253550.8304264336
800,203001.09345414332
801,471810.18863611104
802,-53352.18168037711
803,655804.950600463
804,338649.6953143181
805,554834.480638133
806,264014.7636190914
807,908419.7383988481
808,825695.7977988216
809,92668.72015812556
810,657658.8875312775
811,1656935.9782480048
812,188119.10404340224
813,690733.385357895
814,427241.0166412495
815,553077.8285706866
816,101518.10669465241
817,306550.9326446753
818,193518.00787372328
819,718108.7339085347
820,166863.86107076245
821,905965.0878270685
822,123650.56744930544
823,248716.40007860912
824,651011.9495781724
825,492312.7197967371
826,308871.1141123606
827,596637.9236307221
828,560762.2831395001
829,614903.7685008394
830,798495.2131477318
831,605333.4835013148
832,558787.5370305026
833,126249.0826253278
834,205959.68473339314
835,259611.72811991547
836,235977.72285891295
837,580423.2859461671
838,538567.782835682
839,361684.9844606793
840,819488.1092647843
841,594481.7465476849
842,539591.9459117829
843,936980.732714703
844,429736.57668633177
845,529199.599156378
846,473404.2850076159
847,566816.6485403467
848,818780.3149477942
849,566600.7645149836
850,411623.9147909067
851,236288.0014413899
852,538205.9832140851
853,551425.4457723566
854,741032.6543718557
855,433256.82096856565
856,1767797.1734222518
857,512106.84319437237
858,405615.91169711703
859,578567.11238733
860,333745.3594083657
861,466155.73800756014
862,861409.5244533349
863,344158.3777477931
864,807665.4437183801
865,437781.4164364104
866,448472.7823983934
867,287862.6990653927
868,739299.8602931385
869,503479.6338934264
870,397134.3432018833
871,688906.658489156
872,327289.9987444248
873,672634.8411977487
874,267996.89818833466
875,166817.76413638482
876,11664.400972424657
877,421195.5474617663
878,74156.057458886
879,607519.4392883983
880,344547.71394129953
881,412921.78072044934
882,151574.4875152472
883,362713.6985162338
884,492945.1994994675
885,674099.6087944536
886,78521.03883760847
887,899420.7563262093
888,371584.7698084642
889,428442.04806912394
890,587024.0042307748
891,186104.72337094642
892,652283.6319068323
893,996289.4590132737
894,324221.2008126979
895,908891.7119943693
896,292931.94976453483
897,167629.52307085565
898,863522.1281876833
899,867058.3696683985
900,446637.24361235363
901,145574.56149348104
902,375657.69458544115
903,514445.9433229842
904,302122.471239215
905,626916.1987538883
906,1030075.2456809585
907,376479.01638378086
908,506273.69953284814
909,2206470.6480789846
910,1181842.6727161529
911,436292.1681023723
912,1354098.020420198
913,209051.7159967352
914,763297.1887017859
915,449220.92628749006
916,1211008.0065455488
917,544014.3911554768
918,2140089.6324677183
919,1053164.4190159745
920,211003.93608552235
921,362007.9708455544
922,213734.90155744017
923,381128.3212079216
924,318386.6983820435
925,378158.56238317414
926,557031.8914673623
927,486110.6053649317
928,295662.84706807154
929,283452.326257768
930,228958.62599613157
931,203410.08251581917
932,681684.7044726488
933,768537.4684699127
934,362840.8427470861
935,485979.3848606898
936,1285631.5893683205
937,398915.32159411546
938,136432.967804464
939,545187.2804295934
940,294732.45885548263
941,216998.1294735375
942,445315.9459436683
943,382082.60076013766
944,382082.60076013766
945,425007.5215884038
946,355178.8311512389
947,542579.1597705688
948,714385.500544601
949,414181.2923952356
950,825127.9767528711
951,595872.649804393
952,511902.86196945165
953,504766.2576314583
954,350217.2056651955
955,420075.54596456327
956,400589.91254911013
957,344053.2689818283
958,953628.8605741076
959,528765.060385083
960,452616.57038753614
961,292462.5445446592
962,614770.0997338494
963,410166.526364639
964,363994.3794161688
965,447015.8404873547
966,1318519.3850033367
967,586671.723625217
968,241641.9509609841
969,582569.2400117293
970,563896.4653930794
971,741103.3978818355
972,224371.88940448483
973,408632.8850881085
974,339255.53731774585
975,153752.76665524102
976,1298774.0932124704
977,367426.77009511593
978,277861.3043679686
979,460630.537913036
980,42669.1214713697
981,90808.91796702461
982,794938.9529673142
983,1063817.299263285
984,340197.359718979
985,1068287.7374516635
986,434214.0339679606
987,500660.3590518291
988,338309.342412504
989,421279.71060058696
990,924952.1586577122
991,981704.2166692165
992,448430.4308574013
993,420915.2908804787
994,124787.01663924748
995,446825.6798983399
996,679052.4193368745
997,1207886.4097430669
998,724396.7325147272
999,390807.5780724789
1000,196658.73690263584
1001,776667.6112776936
1002,371655.50271137257
1003,190556.62173311395
1004,574228.8193072923
1005,433178.98137391265
1006,-39491.28837365436
1007,533248.2446867117
1008,420953.62838455377
1009,539381.3657254863
1010,802965.3726247308
1011,555412.973694422
1012,1424822.442082129
1013,168069.31874063093
1014,951757.1695396074
1015,390487.31929583044
1016,578613.6507061507
1017,576511.1544574251
1018,216496.84003596834
1019,644008.2163036405
1020,502265.66664581944
1021,544388.4516886454
1022,460487.76880980807
1023,776309.3279309204
1024,400008.63751060795
1025,389819.48763689626
1026,820080.044555914
1027,702692.9354682774
1028,491491.7944420821
1029,993333.4771576186
1030,337810.4425705429
1031,91256.41827107093
1032,632056.5536516297
1033,46916.60660280008
1034,789846.5174947014
1035,202527.79730512382
1036,334567.39791149704
1037,1018929.6561151706
1038,1774250.7801794265
1039,744784.6357825428
1040,501594.29016819416
1041,648948.6826180248
1042,405115.90502694447
1043,778200.4761898622
1044,552776.3757543783
1045,583944.4687428485
1046,251391.12347401935
1047,602683.4336213728
1048,220313.0863595897
1049,405643.53554929723
1050,368629.3367603229
1051,559098.2893673289
1052,503280.38837316714
1053,450796.6282128715
1054,218570.4474052593
1055,177298.98456715362
1056,596558.0558858183
1057,344469.2494620683
1058,229047.88702215906
1059,444812.2174481845
1060,1022157.0954677686
1061,218774.43931048078
1062,228207.44732236967
1063,259580.620988423
1064,491743.64474403096
1065,484303.8206502624
1066,267223.7624053017
1067,890538.516049141
1068,581507.1693000362
1069,154715.66274847864
1070,403498.9126376235
1071,149226.89419829688
1072,889444.205479682
1073,607417.7768457159
1074,189832.00503407553
1075,489691.2198988077
1076,1425962.6113342233
1077,876420.7849184553
1078,472930.79163427127
1079,510650.139540251
1080,264204.04358946154
1081,276072.80239804956
1082,393042.9269148232
1083,653070.743727306
1084,225701.68100226956
1085,1275688.4818966761
1086,211734.4453732167
1087,470794.54484477604
1088,835995.7654811775
1089,-440629.0335096575
1090,122802.10252194543
1091,445055.3130303007
1092,1351383.9142701365
1093,413765.12694551575
1094,755505.0072080949
1095,298423.53514048073
1096,236966.63983276905
1097,871270.8097764142
1098,466783.8874946246
1099,620010.7051319373
1100,703073.6267220681
1101,170576.19190165034
1102,777317.6138571622
1103,1096202.6429711804
1104,264708.34809863596
1105,642357.5967807679
1106,255989.27568307973
1107,269929.96400655643
1108,137945.8641193959
1109,285646.65792624885
1110,1238206.5225322703
1111,539961.300240555
1112,908411.9106269162
1113,93628.4752845724
1114,736657.0684509599
1115,537303.1801718337
1116,241678.85758534516
1117,879515.0737908443
1118,824353.4670890591
1119,1650419.2044680705
1120,531760.8483790016
1121,576912.1639243877
1122,1506255.9631795618
1123,418139.5480708348
1124,1036183.1206025896
1125,1217050.1402585693
1126,527371.0318673198
1127,167018.60971388262
1128,728392.3786890983
1129,199606.60614719515
1130,411488.09574719507
1131,165684.47431420023
1132,30275.843907743692
1133,610654.840746325
1134,137682.99013892928
1135,376029.3729566858
1136,1064793.5344744325
1137,1386346.9633486075
1138,559042.9892889722
1139,352036.7557347388
1140,402820.00578956236
1141,521217.19728209585
1142,1472225.4173589651
1143,147380.2200836956
1144,770522.0998926577
1145,590118.0834809765
1146,170048.14752122527
1147,850404.1767972898
1148,565559.8616824339
1149,362515.8353331299
1150,294128.03828909935
1151,352879.5912210203
1152,595083.3650164101
1153,817250.0404920289
1154,403982.0722756817
1155,438958.80408990604
1156,288799.20409698086
1157,593689.241384254
1158,325221.05968272197
1159,444729.2466106096
1160,315631.0597447369
1161,815413.6954131522
1162,303451.77484513016
1163,74648.9862898268
1164,829672.4257216643
1165,2158808.5871703923
1166,236742.8204158328
1167,450543.12259651755
1168,565089.2340476521
1169,331491.7259799773
1170,997329.8214391852
1171,978375.4053045653
1172,276046.62861762656
1173,440471.42600179603
1174,118637.31303223764
1175,568233.6097223776
1176,167388.25080835936
1177,288022.8885273482
1178,55287.94716745074
1179,311283.491516915
1180,138746.23519920895
1181,725871.3265159705
1182,185440.66982160904
1183,652863.7959092603
1184,571614.125134868
1185,695335.61408271
1186,247688.92281313718
1187,1890447.8408375415
1188,124446.04055541666
1189,472129.2658761473
1190,356571.52788311697
1191,16218.028598307283
1192,1824774.1324331928
1193,570643.0017075441
1194,322530.3808697709
1195,941529.7833200888
1196,271709.7603245133
1197,410689.10782209673
1198,514846.9965073651
1199,443513.02660691517
1200,561145.0111693247
1201,604808.8507559776
1202,761246.798615926
1203,580246.8888043233
1204,714211.4719601893
1205,756264.767458435
1206,291273.5215188695
1207,237143.74004721438
1208,48316.832706977264
1209,814251.7179856243
1210,263977.19384350756
1211,490427.12282905023
1212,497451.7632562096
1213,437959.28742537735
1214,371628.34237975534
1215,613966.2115871449
1216,501796.65167189814
1217,583104.3356887987
1218,-124497.99838535779
1219,781222.1285367215
1220,403740.1235196892
1221,1589062.5816112873
1222,1042333.3283264422
1223,319656.88781740575
1224,258905.60301215271
1225,468043.7463541451
1226,847462.4037980614
1227,555996.0830973787
1228,236188.23324441945
1229,917652.5935469328
1230,801829.5062910941
1231,575419.9217635337
1232,371227.91557767626
1233,686027.6314189022
1234,243949.67675050843
1235,622287.6657343308
1236,532920.7631850047
1237,254528.93457197055
1238,120690.95595057297
1239,1049519.172564509
1240,420831.43114948575
1241,442427.93910818547
1242,317762.3567676417
1243,608649.8357168054
1244,567110.5462830166
1245,1370248.230206119
1246,738508.7325697914
1247,123542.58894866891
1248,428567.4521230431
1249,624012.2936773305
1250,423330.3235514471
1251,546734.8423222638
1252,519606.2788517295
1253,867462.264891933
1254,512154.236237426
1255,279063.834045974
1256,278068.758576726
1257,573446.3569925238
1258,888990.5464151592
1259,132909.93138228433
1260,558464.3620581308
1261,543901.0695114908
1262,733618.7641526193
1263,255146.60255469015
1264,808808.6866119327
1265,892149.4769816895
1266,2290439.905732819
1267,426259.86994664074
1268,155332.74491656286
1269,554170.6086944999
1270,450017.2657259644
1271,341945.1821263928
1272,531985.9180830005
1273,730068.8251439942
1274,52087.69864475797
1275,80393.02801427047
1276,67209.83995625644
1277,559699.526479792
1278,937840.9828833855
1279,467767.3099353571
1280,621724.5802700722
1281,39463.82377146452
1282,251120.29888358398
1283,784686.2001078275
1284,300695.5510333229
1285,739800.3023245533
1286,242485.8393420973
1287,314943.3347038507
1288,184901.6071787653
1289,115796.67351796542
1290,481974.49276675226
1291,376985.3438495983
1292,474078.5909826082
1293,780419.2940241701
1294,171215.82990673545
1295,547492.0293622832
1296,248349.53841228952
1297,196527.8859856694
1298,1089107.2565585526
1299,725147.6288202038
1300,211727.53811592882
1301,505321.7721208816
1302,536879.4825394719
1303,425014.4849898074
1304,1016311.434800577
1305,114490.53806326358
1306,611444.2786448372
1307,1140285.2282320964
1308,326003.80089852476
1309,610912.6381446248
1310,19903.951199050236
1311,469022.8869681747
1312,368148.3422369802
1313,845374.9530998472
1314,375198.83390386193
1315,205300.67026171897
1316,1292980.1625714507
1317,1163777.3754249571
1318,368213.7461103295
1319,516566.11270636343
1320,111665.06446118408
1321,359182.46659337403
1322,417675.2194647932
1323,575030.1276241723
1324,496835.55238227686
1325,424796.7431628106
1326,369376.5504093077
1327,415245.1360653512
1328,412390.9005939214
1329,605880.0364503927
1330,237438.63564189093
1331,659160.3274482014
1332,502384.0843499383
1333,530544.5878391863
1334,734389.0754226358
1335,554933.1237231131
1336,1193309.4972054306
1337,230396.70316667325
1338,1232071.519008461
1339,297279.93868456956
1340,599771.5925978774
1341,1502850.833930519
1342,856717.4194957386
1343,589238.823756274
1344,570993.8398856105
1345,-11834.290679005673
1346,721407.7817866061
1347,99832.63016847993
1348,488459.0823715129
1349,404139.9114537705
1350,449664.1797893401
1351,562754.8478862025
1352,368351.00966700504
1353,853868.2695094005
1354,445693.14017134166
1355,280529.829663686
1356,175094.76682650513
1357,548049.5317844562
1358,366143.7422978993
1359,505130.3448939289
1360,436860.2143788681
1361,841035.7836750494
1362,554111.3052943283
1363,389453.49082435516
1364,206668.37674592616
1365,936161.2447621381
1366,693139.663803644
1367,173072.08986930444
1368,595431.1024104309
1369,509697.75211696845
1370,491540.1141236352
1371,611812.9160959182
1372,317731.4735296175
1373,459555.1061388968
1374,233452.83619911998
1375,459418.0556364345
1376,811234.4583576759
1377,519521.6576516937
1378,383930.3608660573
1379,601524.5888671095
1380,877567.4607760187
1381,304573.14256778307
1382,362220.32381899364
1383,465364.3954967459
1384,275125.03439959016
1385,1277714.2579581118
1386,566578.0330672273
1387,298029.28016937297
1388,308888.1101115222
1389,308763.86327522603
1390,701485.1440582385
1391,190691.50113259186
1392,518479.07509940164
1393,511928.63892885414
1394,345425.0076318529
1395,357127.8893016193
1396,645109.3170080143
1397,455492.91978187556
1398,536162.5359270892
1399,351221.29667925206
1400,477158.2102348723
1401,271685.4174729711
1402,565264.8359184247
1403,191830.4538435451
1404,846315.7682097417
1405,522010.3577982553
1406,623804.7185815689
1407,380379.12076828827
1408,337096.7131425539
1409,416104.6352299822
1410,743664.8351093885
1411,821442.180220221
1412,412192.51011255616
1413,395230.19292558904
1414,423535.52229510143
1415,275711.1694796101
1416,304016.49884912255
1417,309870.7455824851
1418,762398.4652587769
1419,541883.7733617758
1420,268267.59541837085
1421,151334.59452537866
1422,359460.76471475995
1423,223162.83213605627
1424,465840.68165518553
1425,1338824.8419267242
1426,1058332.602128856
1427,-52123.02746693592
1428,834856.142592865
1429,415092.49327671813
1430,256159.472085508
1431,705079.8073899692
1432,1634258.3961145813
1433,-4957.454197576502
1434,445343.6950104922
1435,252024.25947987975
1436,795594.6785363568
1437,116927.1952318484
1438,56946.48052131379
1439,255613.49668971408
1440,732323.9631632421
1441,980640.0699240922
1442,387369.1798161309
1443,467047.98817531974
1444,464846.76467317034
1445,229795.36917880405
1446,441140.69281424093
1447,335950.0191825382
1448,236824.60538757365
1449,281331.0798543481
1450,570956.533637811
1451,459377.5329866137
1452,241403.06655772234
1453,426017.0599910825
1454,716220.0930166822
1455,194500.76225066592
1456,775116.8155933308
1457,239977.4885479026
1458,976369.9912856527
1459,152998.3013903178
1460,473814.3688318817
1461,108318.88955208659
1462,812853.0597310355
1463,410521.63721721934
1464,620045.1420911996
1465,754893.162941484
1466,798652.1207714749
1467,731851.5062065336
1468,775940.3078512013
1469,521821.4696062165
1470,670952.5756350502
1471,706403.2211613655
1472,289417.7055879395
1473,317723.034957452
1474,750084.9908714476
1475,396782.3266397513
1476,532013.1476978873
1477,538495.4468245216
1478,1705977.1492198482
1479,609318.7819235931
1480,1307580.337972974
1481,330308.4690411063
1482,139716.632223094
1483,251529.3883699025
1484,508324.62707806635
1485,955930.670128715
1486,1258753.5811813204
1487,473315.8310741339
1488,126287.3309642484
1489,993836.3850680729
1490,366762.67867958976
1491,333965.7051364997
1492,1305023.5406481065
1493,701334.4246699972
1494,296907.4993734728
1495,646247.3063611203
1496,158175.03264462395
1497,750199.8413083276
1498,280497.0775806363
1499,572197.1487280627
1500,526453.8001619081
1501,1988401.4877124066
1502,950325.0617932861
1503,2235387.6206139713
1504,672421.8992137588
1505,503209.9944502668
1506,486438.31822580984
1507,305335.3099863542
1508,440919.50800601987
1509,300834.5338428587
1510,588528.1745051284
1511,271479.892460528
1512,624477.3474918285
1513,470718.93340906384
1514,337097.18160156405
1515,491782.3251617264
1516,932260.1883637451
1517,426914.4779598868
1518,221554.2241098435
1519,366465.8571042332
1520,566380.1139051081
1521,-33741.793635904556
1522,333266.9979531487
1523,612290.1655323582
1524,888603.4405956801
1525,474942.1182224115
1526,121000.61142527132
1527,493882.2314680948
1528,656895.608826626
1529,511283.5144014942
1530,520055.93068444903
1531,447121.292500075
1532,548767.1110136521
1533,562639.8838405748
1534,465045.1621503874
1535,508318.3173872068
1536,541247.9834857568
1537,770575.8877675923
1538,1871145.4184991103
1539,675767.2574180465
1540,385973.9113261008
1541,762202.3221817828
1542,1010845.3910988244
1543,614885.699983777
1544,397956.530187764
1545,300106.29483025323
1546,591258.799463628
1547,42530.476390940195
1548,507509.8291700183
1549,296073.00069856213
1550,595677.5409221145
1551,154339.353616431
1552,270919.5881902961
1553,487403.57675360155
1554,919502.2826288242
1555,581344.4997289455
1556,472450.4221455489
1557,348845.574827428
1558,1672571.928997133
1559,783477.7915717254
1560,902900.2535618606
1561,668930.6646374153
1562,313642.134454974
1563,537543.3440840679
1564,501969.07565953216
1565,257214.35219144984
1566,120322.20016374683
1567,405586.90903019824
1568,182764.90770611278
1569,220497.9736060833
1570,709835.8225828572
1571,895915.1826903394
1572,726600.9957380255
1573,437447.642950045
1574,816913.159869536
1575,117535.75735608028
1576,1355343.4977718443
1577,736526.1996504401
1578,937568.4122556096
1579,320519.3247466751
1580,595773.8110016889
1581,64671.01067939203
1582,360012.84160228015
1583,320465.155249321
1584,358318.0431955216
1585,1686770.9500440434
1586,1122735.2730625817
1587,275954.09443031723
1588,335673.71387685114
1589,720591.4576992183
1590,144302.6948301252
1591,495353.80726594734
1592,1439254.3723297534
1593,294748.7845206938
1594,621690.493576306
1595,346496.39394925645
1596,483120.5625037808
1597,639060.3910933611
1598,443347.4113241112
1599,367081.29918715
1600,1451195.6018775208
1601,451130.091588189
1602,1926584.0055324929
1603,601320.4653826384
1604,471204.90566145483
1605,282800.35100286745
1606,924109.1306257704
1607,139570.39124588965
1608,278774.7721874319
1609,648112.0793245834
1610,422147.4027497597
1611,397232.1588065438
1612,492658.1787763807
1613,338041.3201382482
1614,574066.337006558
1615,256033.38747011527
1616,515882.7814677112
1617,568984.3919605368
1618,94048.78148524743
1619,304691.9833295578
1620,681464.6959558622
1621,750974.4914763896
1622,2223393.7910319516
1623,119280.67635040899
1624,1810439.0327528627
1625,67054.14160414145
1626,605035.7622774033
1627,142177.255065464
1628,667884.8892094761
1629,639061.9997510124
1630,479882.51454850024
1631,539803.9784515991
1632,412837.96693013003
1633,833847.5216788847
1634,839931.2757187713
1635,368083.1826651958
1636,963374.0777759888
1637,334677.13761246786
1638,481496.3509493913
1639,572748.1588886572
1640,457218.2216656504
1641,412902.2392387331
1642,520571.95236252225
1643,157941.46012051334
1644,260677.15204571432
1645,392249.9268275304
1646,344109.7874408179
1647,237987.41202547477
1648,198385.23557967436
1649,-69704.92090963142
1650,362293.1183791752
1651,957811.9657787117
1652,-13791.05639293883
1653,656469.8468755999
1654,289584.6449429768
1655,522072.6948215982
1656,236142.7375288357
1657,321486.68850273837
1658,909529.3822784782
1659,376375.83521065116
1660,286761.12301692733
1661,545932.6979081992
1662,299546.2002177641
1663,322092.75662457617
1664,257023.43130999937
1665,1081511.3487386722
1666,336804.41258364293
1667,749845.3907452112
1668,517876.76268351293
1669,250112.56959654635
1670,254035.87197018985
1671,620484.3639125652
1672,383493.10579471674
1673,333749.5066037882
1674,742622.1251278042
1675,206184.06854702282
1676,516783.11346158764
1677,326239.3850530636
1678,888524.3178449885
1679,623592.9902453241
1680,476371.999517284
1681,852423.4318871712
1682,486975.9029757734
1683,571885.52778251
1684,1013268.8272091779
1685,1221251.3482828648
1686,689817.932847126
1687,430625.6380189185
1688,572738.5901947567
1689,699389.0002511567
1690,872494.4098695023
1691,163664.44266323006
1692,570083.7686207932
1693,227348.4311665806
1694,946223.2129603352
1695,413946.7631996178
1696,70781.48863454355
1697,319855.62985570426
1698,242549.47529416258
1699,354737.29335724574
1700,587766.9731498638
1701,1367458.8973541562
1702,1395764.2267236689
1703,396880.47831733734
1704,213371.71572791802
1705,103544.37783876626
1706,506808.96734518744
1707,84603.34641234006
1708,127472.82631337736
1709,383438.0481731817
1710,508156.11651944724
1711,949126.3216522845
1712,1023362.2701515189
1713,462206.5775702347
1714,346330.39218335116
1715,273580.95333972893
1716,496486.2759692342
1717,514524.68151519407
1718,360921.58425939525
1719,248357.0908859801
1720,1159800.8874971073
1721,532634.2984819257
1722,631868.9715023548
1723,422642.5229411221
1724,647524.3234221525
1725,739058.0815398077
1726,539640.2765881793
1727,1745760.302285661
1728,113782.43089232635
1729,242901.15695237264
1730,447605.24940393574
1731,274087.5707268412
1732,735330.0836462886
1733,560057.1475577842
1734,669504.0011516744
1735,533073.2654093496
1736,734692.4012790804
1737,952266.1406355603
1738,143212.335058789
1739,657398.8295750853
1740,483856.14928262425
1741,794510.5076217547
1742,435734.9980475618
1743,746259.1483727561
1744,295913.7245892303
1745,580461.1946615457
1746,288926.57625175576
1747,255233.3684223955
1748,308061.6302156646
1749,1017331.2069553472
1750,108214.82737921609
1751,791403.130020634
1752,576552.1282366961
1753,813589.632425341
1754,359641.67668184725
1755,315037.93897382414
1756,1020743.366085681
1757,363781.21702888404
1758,249452.48190440628
1759,1050545.282146547
1760,809335.2020507155
1761,166676.04334028548
1762,363989.4269599272
1763,1031433.3653398986
1764,-26486.353504539235
1765,1337018.3504080158
1766,524449.0515736496
1767,439243.0709315238
1768,429929.39650273015
1769,118943.45007474668
1770,252551.70688125625
1771,377696.3464829029
1772,275958.2663949316
1773,579414.1356214319
1774,548954.283039878
1775,240321.18716984632
1776,474622.81761532614
1777,532641.6989733649
1778,1432805.9498079433
1779,256088.8850457769
1780,167086.87802476942
1781,598790.168118923
1782,504523.0944663668
1783,520715.70484510367
1784,413326.1464013049
1785,78900.75173319702
1786,-72118.44843628851
1787,292105.25686149753
1788,881626.9797356438
1789,368441.4079556896
1790,846349.3716175437
1791,576497.674377748
1792,467792.974897315
1793,782723.9237343497
1794,353342.3778307112
1795,511036.9856528163
1796,489924.70279311365
1797,158213.00190879725
1798,854017.7483431633
1799,239267.0374816627
1800,155246.01909194706
1801,966599.7108919333
1802,109844.68328524003
1803,504745.9937355391
1804,269035.17884607596
1805,642528.2424492207
1806,439727.97410637856
1807,739491.5586177022
1808,50943.05672273727
1809,739759.7865227287
1810,357562.873725192
1811,600258.8721420268
1812,897952.1819037931
1813,653978.7729021971
1814,1319521.5444506025
1815,407282.08193490235
1816,525757.434837489
1817,358823.30971748714
1818,1498055.637081054
1819,523893.18078375724
1820,662779.8776273346
1821,170916.45255970914
1822,348366.8761283613
1823,288067.47871604183
1824,763325.2444890318
1825,143173.87345872243
1826,415057.1784102847
1827,797648.2283786234
1828,253679.69659148908
1829,646570.2576847292
1830,323975.2339625927
1831,-10341.615236591664
1832,53972.203252129664
1833,999003.4762763276
1834,561010.6900585594
1835,322534.88222682313
1836,225422.26613589475
1837,732244.0720358108
1838,389725.3385758648
1839,337542.67390490917
1840,1044804.09376531
1841,217398.0469540478
1842,880432.4717456162
1843,990845.1459958968
1844,235887.41146497556
1845,253875.91113610828
1846,62315.84392016649
1847,348222.5242518344
1848,217129.24835264916
1849,343732.76554511057
1850,377149.4795574992
1851,226904.92313889525
1852,714054.2659842737
1853,545808.5487871282
1854,232602.70624603488
1855,885409.2295961815
1856,354520.8211821412
1857,532071.3031155135
1858,2497286.2304249466
1859,1055587.1629374865
1860,440429.78200810455
1861,363686.96306518617
1862,510857.7833191874
1863,730396.1424827795
1864,538717.2116397703
1865,195333.98837423732
1866,887272.1860090329
1867,488985.4341902815
1868,642806.0960662487
1869,162478.90243885457
1870,529431.6287508969
1871,666671.7951570626
1872,613063.1230390994
1873,552556.4177866706
1874,108347.62126359117
1875,348218.61899319163
1876,651625.2065277145
1877,62979.96371061489
1878,456342.21042991267
1879,280028.7795535999
1880,443452.7394496737
1881,424351.0384422889
1882,861058.6148764933
1883,2635.9421303593554
1884,166112.55838175537
1885,317732.90207158396
1886,627256.5236380824
1887,784413.6390026595
1888,865339.8533982246
1889,555304.379043379
1890,382940.2330990388
1891,626787.1854846347
1892,281199.48965158407
1893,457916.75784626615
1894,754025.0952293898
1895,316352.0551012491
1896,402148.067971693
1897,122664.18632687483
1898,1012953.3735413051
1899,469572.55942727707
1900,892308.9224159485
1901,343999.33226559643
1902,265806.6340948037
1903,255890.71274440555
1904,1160526.8577569623
1905,285971.27483078145
1906,1162131.545587337
1907,563067.1633337403
1908,719798.8139295185
1909,559601.2757759141
1910,371203.5196453739
1911,942794.6638610837
1912,1143776.9070198494
1913,978188.2915153541
1914,389388.0050210529
1915,770110.2115165868
1916,598448.1854553167
1917,400403.94514206867
1918,370537.7088351969
1919,324410.8946899816
1920,352716.2240594942
1921,314217.1429988983
1922,531268.4204697527
1923,1063510.3848151914
1924,723505.8642292455
1925,1819289.9404932167
1926,581675.5687934271
1927,315592.12105651485
1928,512769.99432344164
1929,531884.7905575417
1930,565379.4162826968
1931,76264.93724501377
1932,820988.130008481
1933,284476.5463259709
1934,82279.54321757465
1935,86749.83357133006
1936,1166835.1090446194
1937,252115.90502871101
1938,164997.7998383816
1939,505647.4141955469
1940,165340.25950927107
1941,1108407.9457013947
1942,114517.57475590409
1943,698150.7362653929
1944,231965.40751752426
1945,704536.9979966193
1946,2239890.2643894865
1947,376487.20988885686
1948,238273.8258496035
1949,500209.5504215276
1950,455338.8634680883
1951,591290.3238674033
1952,623302.4501726056
1953,593750.5977146096
1954,768908.0570290724
1955,599166.1096564663
1956,407809.7270276017
1957,166428.73095042724
1958,208256.91179206118
1959,-22189.03679272777
1960,184710.5982902813
1961,457428.7341586868
1962,154824.7175676254
1963,664474.9878346986
1964,800680.452315547
1965,1171441.1807623743
1966,693826.0402967932
1967,621976.5378702981
1968,919481.84035349
1969,85948.2484170436
1970,1010091.6219800839
1971,176181.2730990927
1972,1299735.695625576
1973,314381.06060720654
1974,441438.9573381118
1975,331865.6085066617
1976,169318.63577492128
1977,533469.4607122741
1978,692017.7340872939
1979,693454.5520265843
1980,1201851.1583130881
1981,450796.2038822096
1982,1454378.6696034246
1983,525364.0801857936
1984,716761.6724846024
1985,587516.1329787399
1986,1254986.0165371916
1987,288419.4961360656
1988,446040.13372903323
1989,56509.42226651398
1990,584362.7689271482
1991,770553.8763792599
1992,269547.7471788063
1993,425671.52165653143
1994,274551.2757232225
1995,129964.49435362348
1996,730585.7791165911
1997,303835.37424229376
1998,172191.29457043746
1999,599747.6931341921
2000,344819.0886806017
2001,625355.0618966495
2002,558069.5801519186
2003,267366.7670282715
2004,150408.90173861588
2005,1063922.6015935459
2006,862106.5233631559
2007,948807.3683981409
2008,720313.3187906335
2009,106705.21183103818
2010,398664.1606546199
2011,267044.8612688522
2012,573778.5639324797
2013,300151.0591063132
2014,129358.11043628363
2015,435626.6946281122
2016,389296.7502879441
2017,218413.54317345447
2018,426917.27087115403
2019,246499.17849767784
2020,519946.84231118305
2021,399901.47797671263
2022,177171.71842812264
2023,345161.8298492363
2024,342226.82495826134
2025,563826.7587894123
2026,113401.05972066423
2027,356326.66768460814
2028,376390.88142924046
2029,838630.8536384314
2030,1057074.6017487128
2031,439965.2989091036
2032,778258.5149078309
2033,1452947.3951398549
2034,994138.8846085169
2035,930949.9171506887
2036,168958.8272461064
2037,933734.9207243973
2038,688245.2848237108
2039,232065.54959552328
2040,644241.7644058606
2041,368915.0500848497
2042,244526.14795439545
2043,415340.95598904236
2044,1267733.318042675
2045,416897.5267248624
2046,445202.8560943749
2047,666688.3536859934
2048,731830.8783113695
2049,544523.2177949293
2050,1153701.9544554674
2051,782029.8747160574
2052,576023.9029222865
2053,491451.3635033843
2054,-124434.4204917145
2055,814357.4471385028
2056,75730.2548239968
2057,512249.1585945369
2058,431299.1635115016
2059,732102.5270557298
2060,122128.27747219981
2061,2163171.795060258
2062,510850.12993665464
2063,583835.1974337164
2064,343651.0493271414
2065,535787.7206463058
2066,447103.59396106226
2067,1280083.878982334
2068,305064.727548767
2069,505872.8431883032
2070,509998.56021241937
2071,414455.6127554394
2072,821040.0006300994
2073,383386.5997152814
2074,151615.7419601467
2075,838845.9613486815
2076,646422.4054710704
2077,292700.11402334453
2078,451247.1087891345
2079,665912.4711789165
2080,234510.37382302625
2081,232255.25755957048
2082,220452.29282657022
2083,556415.1255424103
2084,378554.2456515718
2085,525320.1911884258
2086,475880.3092168346
2087,105273.587538146
2088,318360.31699797045
2089,612463.383455952
2090,218483.03350587568
2091,603474.5603205517
2092,487071.77877165895
2093,645761.0522694286
2094,-108051.35979133146
2095,400177.313640278
2096,553397.2480954648
2097,757069.757181244
2098,457583.5273948923
2099,760457.2180092833
2100,526684.7809586844
2101,411833.04805558844
2102,199903.82187013602
2103,377940.9927852935
2104,549836.7487398366
2105,770401.6573684136
2106,628080.1921080656
2107,480057.27357922186
2108,801566.763993405
2109,446009.6512622873
2110,248397.55991601275
2111,162209.24469136493
2112,1004222.6442371549
2113,896337.8586670491
2114,498146.8575955787
2115,175647.900201999
2116,265628.77549995866
2117,755884.4321212319
2118,593626.4388325161
2119,159507.0191482025
2120,573164.7312389265
2121,117444.40907998593
2122,499535.2805583938
2123,204910.02084778802
2124,555280.8807849879
2125,508004.5733118675
2126,126253.62635039794
2127,106349.47093662265
2128,569668.370642249
2129,737953.6356157842
2130,566383.6601915085
2131,700000.8879866728
2132,356542.2884760848
2133,401023.92230561026
2134,89658.88985905034
2135,786493.0804644595
2136,272175.97969678225
2137,433667.5348401426
2138,-3344.8339611944975
2139,706685.8331060795
2140,507324.74460750056
2141,559961.6869775032
2142,441245.78308158036
2143,1122684.4914057096
2144,760094.7486343879
2145,352663.6628917853
2146,558072.6691336085
2147,255315.643510097
2148,257954.53788116784
2149,693186.8118200818
2150,381839.7110815686
2151,486920.77202981163
2152,667953.0546209598
2153,618233.9102121893
2154,861066.3441007284
2155,512387.34350740723
2156,1155551.4116680406
2157,232575.70969898487
2158,115152.1251082631
2159,571276.6961060433
2160,911253.6830296777
2161,219931.31176160387
2162,-630286.889073433
2163,357055.21686492674
2164,1261063.2121211176
2165,559774.8894009028
2166,289042.7643672288
2167,329691.08525349107
2168,306326.126113962
2169,373960.6655812748
2170,300983.9753110453
2171,897662.4380037913
2172,398521.6874238637
2173,591863.8348643599
2174,531648.959708766
2175,682028.9399273954
2176,964258.6326307326
2177,639551.7074575612
2178,1134088.1001221766
2179,670581.755839237
2180,150104.54215172114
2181,1235276.466387866
2182,39116.47553959518
2183,317091.08403347526
2184,596515.1098695804
2185,343356.11952762766
2186,196331.26253070822
2187,250084.19341298024
2188,93464.40552743518
2189,939586.8175054758
2190,851241.3462861828
2191,480971.78520664334
2192,136268.3110774036
2193,421632.1343825773
2194,1130639.7977344906
2195,366685.90404630476
2196,293099.3244040201
2197,449024.587780765
2198,214733.70955178473
2199,484966.8335718202
2200,561473.03371073
2201,337091.80045384116
2202,840544.4403650601
2203,404266.5124554882
2204,302536.7634216103
2205,216811.0606745209
2206,347335.1183599186
2207,264150.09502964333
2208,214207.20033554663
2209,487092.4463353051
2210,372087.2741674704
2211,260073.4424650467
2212,460746.1823959886
2213,229246.45877449802
2214,495377.805252699
2215,488429.94932136836
2216,508246.6675806437
2217,432478.7424455065
2218,1182320.57518046
2219,579309.4545656022
2220,165782.31734374753
2221,415899.73128488124
2222,134356.72440058342
2223,738752.2613475113
2224,281171.664930473
2225,118510.45288631378
2226,398914.5609242901
2227,394507.49123533396
2228,509372.2458977182
2229,525264.529916479
2230,382606.3111035063
2231,481261.8616813569
2232,442698.4953621014
2233,266355.09748674126
2234,178365.25363759656
2235,626966.295389722
2236,1123391.3449856408
2237,1121449.7721348796
2238,542433.9916293077
2239,1555316.871769656
2240,401961.1400035691
2241,1267380.8950776244
2242,166878.3774480517
2243,375838.4835683829
2244,1051741.235240334
2245,559875.0257962443
2246,371075.2781699705
2247,643135.898513965
2248,336872.22265555407
2249,206554.44106787955
2250,611442.3553560106
2251,63862.25080555811
2252,924634.8900358081
2253,377907.03113441577
2254,477930.70956004236
2255,149611.6932006789
2256,442173.52995229035
2257,954462.8521846536
2258,230274.37555959082
2259,468721.2307460937
2260,493048.8487596923
2261,202256.77020036615
2262,542774.5509543951
2263,571079.8803239076
2264,1063625.6821219441
2265,555690.1884403577
2266,917982.8484560072
2267,391067.4733883204
2268,1094078.3747012098
2269,412744.7889488241
2270,707764.7020611323
2271,301017.4355232514
2272,1475137.5117647806
2273,210612.8427988668
2274,1039180.8113419894
2275,398803.31329234986
2276,536187.3668415984
2277,165209.11733736302
2278,683473.5672014947
2279,1294665.356873287
2280,511594.5523702681
2281,443523.58787499386
2282,289893.9229615147
2283,506589.30520337244
2284,134789.35702106956
2285,655094.2325807987
2286,801188.8015064342
2287,266737.9429225505
2288,95788.88014865911
2289,592356.6557649809
2290,704389.1151399568
2291,291915.4650398099
2292,252121.01143855706
2293,834474.8572414578
2294,580882.0264853176
2295,291394.78552715335
2296,726937.7623914585
2297,734377.365253292
2298,300396.98015276203
2299,135948.12884382677
2300,250526.90292940097
2301,501731.54430903716
2302,138384.7409937129
2303,230211.43176896765
2304,661022.9669434458
2305,278519.68208973063
2306,344600.40432390425
2307,-115801.71147046145
2308,535936.6026245953
2309,457982.8332476164
2310,1783341.0712526743
2311,191584.21853087912
2312,582512.3303663403
2313,217834.2972332944
2314,557280.6341815515
2315,541628.1154229038
2316,423450.3276220326
2317,661810.9533627004
2318,408987.63250327285
2319,465063.7520046527
2320,836468.3217896051
2321,494362.24863904755
2322,661715.5285343302
2323,1254438.6491106148
2324,514009.9651135832
2325,291128.38384414377
2326,213055.21208078892
2327,455994.8631905704
2328,455142.8594695312
2329,959652.5301887993
2330,886557.4276185869
2331,100207.69885756314
2332,1505590.640864232
2333,305020.6491419056
2334,677158.6874200306
2335,806581.925183234
2336,1006759.0236992714
2337,448564.56889042084
2338,389339.4513065325
2339,530234.856430934
2340,649974.8615228836
2341,212269.34166785714
2342,465981.5550377362
2343,434394.79785324296
2344,310901.59624901426
2345,923813.6180796513
2346,577836.0322275813
2347,354453.1601804613
2348,715779.3860866483
2349,462302.30357119854
2350,263008.7248879647
2351,570732.0063351471
2352,463894.87056948687
2353,662972.9475306609
2354,432857.3076198632
2355,431630.96826341463
2356,432900.5741568321
2357,879183.7118889878
2358,377110.0997240523
2359,1374639.736047013
2360,211648.95150581782
2361,444688.4655760502
2362,327266.5119081324
2363,325048.5772546271
2364,300854.1178690868
2365,337918.20555819623
2366,436686.56483009073
2367,511108.7736998816
2368,801330.0817930767
2369,564737.8642540652
2370,359053.47513413616
2371,436659.6684380257
2372,332100.5723951126
2373,486593.24140876805
2374,363325.63966613193
2375,339697.4911819695
2376,315652.3786767598
2377,1059267.7004026729
2378,617370.5805476385
2379,410747.06358949223
2380,781733.711321028
2381,724117.5559490223
2382,789321.6217298829
2383,412490.882847796
2384,280008.82208686613
2385,448754.7995068222
2386,366564.1898495855
2387,889904.809453059
2388,436932.452594766
2389,518217.52033233404
2390,335664.3647451132
2391,1504536.1063281125
2392,621799.7720327955
2393,367982.17489917536
2394,856349.5783822346
2395,926619.4358289856
2396,1042235.3955497865
2397,483940.39745922224
2398,317495.63327657216
2399,353723.66809022345
2400,467859.9695780093
2401,197340.75076721382
2402,302372.05120733014
2403,498869.0477305844
2404,298616.83042275906
2405,198440.1401695973
2406,315342.82549099496
2407,336546.3722947603
2408,593080.044090774
2409,541630.53841577
2410,528307.8559662903
2411,571409.716532323
2412,367656.898811452
2413,310818.0571548005
2414,640456.4568049209
2415,320789.547297741
2416,873567.1021847042
2417,692614.6133230466
2418,1485493.0051974063
2419,713010.2727331731
2420,866227.5764987029
2421,514758.3238892077
2422,205779.73486397008
2423,440187.76978957234
2424,440307.27657775424
2425,567811.7460113858
2426,384648.43450862716
2427,433882.76757402584
2428,473267.66866814834
2429,551899.2376644394
2430,364874.3768346441
2431,602245.2450462527
2432,674462.8897331676
2433,389524.7139580189
2434,816415.074439486
2435,914648.1757130334
2436,722542.8500698572
2437,308197.9903889049
2438,582408.000294707
2439,802780.2222138781
2440,335286.0105018388
2441,743764.613999787
2442,98396.0035423538
2443,479628.25764112856
2444,41041.15709202696
2445,494514.38635150256
2446,1183509.2549163264
2447,412216.45887351735
2448,228373.40712117986
2449,467198.00255593867
2450,655404.2567812859
2451,471220.9137901049
2452,186056.45718899713
2453,927395.1860784973
2454,624161.3129541081
2455,362048.37637198914
2456,870831.9210031703
2457,542447.8150318122
2458,618082.6848296977
2459,301828.23315201746
2460,397840.01721989264
2461,811299.6348310881
2462,500578.9914551456
2463,810648.370630404
2464,261781.28505855333
2465,513672.9875228498
2466,326784.16810423747
2467,433521.01722854277
2468,1310457.7121544355
2469,1031538.8264025019
2470,281736.01945208723
2471,668085.6463628464
2472,262510.80163326825
2473,564115.2803770886
2474,1175361.6737486003
2475,290062.4313401077
2476,621097.5795771743
2477,864784.4377063885
2478,353301.0742170613
2479,227842.81855062064
2480,599381.6581910349
2481,865301.3421468223
2482,612038.1094497661
2483,395052.73523627606
2484,318063.707236805
2485,737309.5754770128
2486,413830.91804950964
2487,1829556.1661778209
2488,461859.364963131
2489,629240.7322763873
2490,509705.5519106388
2491,637489.4665756929
2492,467014.19022467977
2493,514767.7452268092
2494,528769.9085863916
2495,322024.2697828588
2496,160834.30965959386
2497,483742.14973893686
2498,266146.927512181
2499,508953.48419115227
2500,1048083.6001937742
2501,773788.0457250923
2502,542935.6128320444
2503,792150.0603486355
2504,471152.95957692666
2505,375430.1097350732
2506,442581.9674002848
2507,245917.399298149
2508,380388.81803401664
2509,404479.4457063636
2510,413913.01254950924
2511,426989.76542118244
2512,680387.6055644695
2513,959430.8600359905
2514,326956.30619894614
2515,490560.7139429015
2516,708252.5135938642
2517,378000.7778526792
2518,472275.70454865636
2519,767586.8514671025
2520,689588.2305922577
2521,851414.4881917327
2522,352808.6226484657
2523,323160.2068190666
2524,1270546.4051873067
2525,296786.4656475807
2526,821067.0139003883
2527,435712.1518335275
2528,398622.2971298514
2529,835767.4053763646
2530,307915.1294064538
2531,348870.2198025452
2532,526863.4327761077
2533,1679326.027770407
2534,629388.0916429589
2535,1042111.5173845829
2536,358128.5270492508
2537,468379.85628684354
2538,552916.881462096
2539,571379.4143818018
2540,573544.3366066015
2541,827570.8461216213
2542,504420.05047692
2543,739612.4478979075
2544,310414.5742863936
2545,723027.7059907845
2546,310284.7178642122
2547,904873.5117728355
2548,471974.94213456684
2549,492996.0884332702
2550,218090.0359325608
2551,293152.5452645702
2552,433917.445258927
2553,344784.19167922775
2554,637346.2750692827
2555,471884.2565992163
2556,373818.90190734086
2557,512449.464771483
2558,1147407.8904885203
2559,615351.6089774589
2560,630380.7503646385
2561,482765.2289227205
2562,410287.5322887688
2563,331054.73465936433
2564,308736.4007533466
2565,479692.30326560367
2566,853348.6798773771
2567,555795.5776883643
2568,1285461.6048905943
2569,878094.8593517175
2570,295156.08592088195
2571,316775.89633554185
2572,548626.3422290348
2573,584155.7369986596
2574,329465.01597823034
2575,651799.7012745186
2576,476041.07106246473
2577,252408.5908905996
2578,847743.2898866932
2579,550632.0385160246
2580,598098.7928030998
2581,645479.9276141166
2582,522293.1282876643
2583,287643.7190788669
2584,357724.58628960006
2585,435551.9951899613
2586,981501.3636291085
2587,492333.2028558563
2588,436627.27200155886
2589,975731.0479318614
2590,194175.62702853407
2591,804585.0886068856
2592,506567.3353475287
2593,544331.5047098144
2594,354789.21816063067
2595,273539.9664979563
2596,769316.1713490848
2597,735789.5839810017
2598,570683.1956278667
2599,457369.6939807521
2600,512577.4136746184
2601,193202.84729365376
2602,622123.5752907782
2603,227395.5225575365
2604,280418.6067812677
2605,1327685.424053916
2606,808387.4882368906
2607,558398.425377286
2608,386861.01820031245
2609,519057.10460612917
2610,240168.09847751667
2611,447135.7566772376
2612,558322.4747991244
2613,539987.4243079001
2614,581318.8252279102
2615,481095.6412017155
2616,602297.5860035855
2617,850741.9618968328
2618,939461.2248002659
2619,512229.5243566317
2620,342094.92983323836
2621,583119.0365498727
2622,785176.7120183106
2623,515515.3455931877
2624,354583.3421563307
2625,360217.6840378775
2626,611984.3056301669
2627,643741.8196440632
2628,325521.82928755856
2629,387297.3480018941
2630,414664.58002150804
2631,422080.0725673329
2632,532229.4148380031
2633,498617.9022636631
2634,361939.6146994055
2635,282094.3049773886
2636,339012.6821140769
2637,334858.4091031399
2638,1427091.6113094343
2639,447805.148403895
2640,584581.1999449971
2641,386687.12625494483
2642,608782.6194974252
2643,331300.2261222086
2644,323828.66939686076
2645,450777.0997368897
2646,440840.0656460895
2647,590948.40567157
2648,332157.11154820176
2649,307905.87777759845
2650,529831.8258962135
2651,396099.6389640372
2652,478769.24518307636
2653,413946.353029622
2654,544288.3834291821
2655,681362.8377791011
2656,723144.9580866768
2657,452736.170634115
2658,716370.237622838
2659,406850.68443770945
2660,771375.6630937217
2661,242838.38380631077
2662,495249.9178795564
2663,162179.10033464484
2664,851614.769290586
2665,518533.6345268335
2666,1482492.7042984683
2667,782648.7966685294
2668,1051933.4204000544
2669,631565.3352964938
2670,336039.56980349374
2671,1583980.540658726
2672,353800.2668723032
2673,747206.975910972
2674,700763.0053869409
2675,252790.22624733462
2676,251374.66750836722
2677,569648.5760706031
2678,708200.0143759628
2679,956817.2952841688
2680,559201.6255238898
2681,1537819.0594039797
2682,466477.1243064646
2683,1408238.1308878409
2684,492500.6339392431
2685,183184.04096070293
2686,468201.35353024176
2687,951822.3661371587
2688,506673.65929290873
2689,429074.5101891161
2690,577640.320918128
2691,955745.9078971122
2692,794905.1217401967
2693,476941.4523904521
2694,1869973.4953247337
2695,306937.41592610336
2696,706549.9096984499
2697,1066107.9234864474
2698,747683.0087904645
2699,845261.6628571041
2700,554863.1555826555
2701,452465.88931731705
2702,487582.3925930069
2703,383524.4034453371
2704,205726.11015447375
2705,289544.1049547676
2706,383928.8516724799
2707,213326.25779806264
2708,388786.9640450733
2709,742342.6376749874
2710,460425.16926271515
2711,528808.1670118901
2712,400767.68641213374
2713,464709.8549433894
2714,589521.2427529439
2715,1318514.3177685463
2716,528925.4990287814
2717,701983.2173134715
2718,830690.4275814232
2719,583309.3619788241
2720,1408919.1642268144
2721,339194.8658219508
2722,528524.0707991102
2723,204084.88766375656
2724,476088.9510967911
2725,300925.94220262906
2726,643420.537473772
2727,248346.19149042724
2728,377254.55683385616
2729,784526.683892091
2730,803562.8461969751
2731,424565.39874980634
2732,413424.7615235923
2733,171931.97358030686
2734,599915.2629633726
2735,1085278.11033512
2736,438370.04249672365
2737,579432.5422322812
2738,864657.3577058665
2739,412650.98344010516
2740,401695.236862696
2741,536564.6488399145
2742,618024.1259785651
2743,517831.9783440875
2744,459304.2370334895
2745,640424.5562602084
2746,430974.3596810326
2747,620830.4411486944
2748,547332.1156129101
2749,839261.7900289079
2750,450853.6157910037
2751,686911.3311121707
2752,694045.4188804092
2753,531242.5774343284
2754,381917.25053620234
2755,228967.01285101188
2756,463344.1281449789
2757,828500.0600545495
2758,829734.5720620544
2759,693310.9217339929
2760,379045.1621134486
2761,225506.46042986942
2762,355056.27769149287
2763,460223.5637014966
2764,460223.5637014966
2765,330041.84317691694
2766,487342.74633778917
2767,508018.6805287679
2768,279577.4128377723
2769,520860.1086269726
2770,375463.3739241332
2771,515867.67381141894
2772,544997.5533615237
2773,346800.5680640566
2774,550986.3083058742
2775,519579.97791833425
2776,708902.4309928643
2777,737749.1233331834
2778,509022.3790252245
2779,1250314.3874199628
2780,523821.6144919145
2781,522587.3062881626
2782,1319807.197780916
2783,604173.0670131972
2784,641204.6271911369
2785,428246.62380872376
2786,287836.90572128916
2787,810488.0154799523
2788,369849.0291705403
2789,443001.07288554957
2790,649472.4798559046
2791,607184.1708913124
2792,537436.8533778781
2793,421852.1945075047
2794,813298.4863941022
2795,944337.2961167935
2796,617249.5018028619
2797,892520.9048600073
2798,495717.4700272765
2799,445069.5589711026
2800,590166.1823858568
2801,378749.148057704
2802,1700571.848412258
2803,473799.2563236187
2804,605678.2159841576
2805,255466.70220537944
2806,2294423.5517143495
2807,455208.6026205589
2808,905147.3528728068
2809,336059.024822091
2810,292550.4604992466
2811,508144.97702641285
2812,623284.0815179619
2813,379238.84314727306
2814,625087.8355158691
2815,542489.6919019608
2816,604528.4030518746
2817,292303.305024168
2818,868010.1820460838
2819,450219.4769573238
2820,470312.57289415057
2821,358010.2436936351
2822,441116.6313600498
2823,378384.6014947449
2824,522946.89229829935
2825,597077.5480374468
2826,487420.60329009435
2827,417071.18385788245
2828,211284.24959177338
2829,525760.7545391172
2830,622485.7386172644
2831,683756.2525093532
2832,475374.76286618685
2833,412728.3544856493
2834,399690.93001125864
2835,861885.9770672278
2836,765595.5655059959
2837,470932.5684193247
2838,673205.5786090757
2839,701969.7519072972
2840,371920.9507685546
2841,746040.3043832362
2842,608159.1232155308
2843,383313.9514717979
2844,460665.8115542564
2845,234492.47403335525
2846,1043731.9306681384
2847,621424.567090533
2848,493585.7421631727
2849,278433.5459672356
2850,602643.3316800053
2851,728251.2182875825
2852,579662.9444455091
2853,878317.6341764801
2854,1075768.6082110736
2855,343325.974304385
2856,396044.55361591105
2857,402911.02703510394
2858,664817.129882097
2859,612706.690269296
2860,566506.1638433844
2861,257024.1329612953
2862,1262841.7625342754
2863,356115.4143300787
2864,1355047.5037083789
2865,471217.00659747375
2866,517953.3283844378
2867,739214.6940715471
2868,126779.63152475585
2869,355460.7712501929
2870,212289.90626228816
2871,867904.7041669905
2872,378213.09870918223
2873,456871.5265882735
2874,412523.02160515345
2875,695716.1001483838
2876,893439.5605316258
2877,435882.42187484144
2878,1478060.8302577948
2879,455049.0311295033
2880,591381.5578272179
2881,543431.7159189839
2882,662735.5905981066
2883,428052.0292134417
2884,785583.2299852915
2885,396371.99558739783
2886,516943.38130876597
2887,225596.4031269396
2888,701173.6652722626
2889,627872.4391689647
2890,642669.2410461258
2891,670974.5704156384
2892,457289.1773632611
2893,254267.04824591492
2894,1156352.2138173706
2895,412495.8897551029
2896,449071.6551521992
2897,420380.81515385176
2898,558945.9582001873
2899,691528.247980556
2900,292605.7587054379
2901,602218.990504794
2902,433961.2956895571
2903,626488.8970434811
2904,293130.71108828834
2905,615960.8304287785
2906,858323.5142280675
2907,938836.8948528103
2908,788616.7655455276
2909,398807.3816923675
2910,730303.5929491143
2911,583378.6282504547
2912,773178.4844412394
2913,942714.9313412688
2914,757668.9399400562
2915,796210.1599357746
2916,578428.5471367158
2917,386611.8780786513
2918,378401.882027398
2919,720570.8588545022
2920,612118.6413855231
2921,333015.75791274256
2922,308380.6891919833
2923,479998.54821939487
2924,601904.825911826
2925,462241.6417718804
2926,819567.7809509054
2927,382159.8939607638
2928,454093.05453018483
2929,472824.070163137
2930,148287.50052492123
2931,436710.71822640556
2932,489996.87469567516
2933,596619.6757215229
2934,1452236.3783295476
2935,1031469.1241059273
2936,489409.37060919893
2937,466988.03417403076
2938,466269.12120931275
2939,630974.957126587
2940,610350.3986578196
2941,471152.95957692666
2942,631316.8913993327
2943,1785703.6631994108
2944,606480.2594118132
2945,889810.8602078992
2946,622563.3625960683
2947,712034.7773977582
2948,751617.4788475814
2949,722263.9882784472
2950,269996.94410125626
2951,678033.7608507196
2952,434549.7183889542
2953,279964.2549264787
2954,1313590.7029564376
2955,635147.1019205987
2956,530772.4364609767
2957,1317941.3020103201
2958,624687.1470494247
2959,395928.8757643376
2960,921082.4386765307
2961,914906.0010819592
2962,783548.9744578244
2963,554270.2873911253
2964,398593.9174611583
2965,486199.9367134205
2966,335653.8068767444
2967,1059867.2913423283
2968,589159.9484264004
2969,297291.13896568643
2970,378827.7115973589
2971,610524.0198435528
2972,552074.5252774989
2973,649161.1860958482
2974,579915.0640874621
2975,464483.38337159663
2976,483063.77798918873
2977,1179317.519740968
2978,483522.57164183015
2979,304337.0674601763
2980,621122.3636268576
2981,352828.2722446553
2982,574475.0073232907
2983,270569.54588736896
2984,261412.0274332406
2985,939321.0479444703
2986,242376.33127360948
2987,386445.43398230453
2988,745700.5275420713
2989,303964.5628790882
2990,816644.3277934828
2991,492650.82366334856
2992,219785.94928484922
2993,507883.01938811556
2994,237490.139040266
2995,451619.4697147531
2996,314403.0273621362
2997,264674.33956964547
2998,445809.60305527254
2999,260142.87836703227
3000,888543.3434639638
3001,221923.87086165167
3002,404857.8269310858
3003,216584.45967764646
3004,244286.6708104583
3005,1911348.0098988246
3006,1028212.5000024869
3007,255927.16061066277
3008,304795.3276664947
3009,413599.151827329
3010,376431.71463905275
3011,483212.608138984
3012,624875.6843960466
3013,492999.4011172714
3014,361229.38174638595
3015,705506.6891647554
3016,734623.2339601023
3017,539623.4548795471
3018,492620.6938917529
3019,800263.2316564912
3020,445559.65589776874
3021,449080.7804703009
3022,518390.3941469831
3023,323693.84646268445
3024,184884.3619552849
3025,487399.4104622105
3026,752122.7550393847
3027,553914.951824372
3028,486546.9640351526
3029,352808.6226484657
3030,446140.8004796782
3031,149084.45195031026
3032,1071437.201639264
3033,521667.0827787314
3034,344990.21846021037
3035,2035214.9240866522
3036,1403119.848525029
3037,602142.9412531585
3038,367996.08431674127
3039,405098.3283274233
3040,417335.247012323
3041,492923.0973552179
3042,491028.0851395718
3043,286817.0029002741
3044,347693.9084665233
3045,387472.7673282945
3046,393861.78483027796
3047,557633.5079677206
3048,280939.6434991855
3049,354914.10783162154
3050,1104772.1969433334
3051,761669.8322542526
3052,1078135.612740094
3053,783369.6127955175
3054,944571.9927712674
3055,982453.4050271052
3056,353835.6744402612
3057,322276.0411556028
3058,296827.52206196357
3059,635095.1565855824
3060,711034.2311974451
3061,556158.2345233887
3062,270581.54008388077
3063,360058.58275588683
3064,384860.23786116106
3065,685573.490983095
3066,329774.66029049107
3067,866923.7474791022
3068,472459.1885922698
3069,251749.21910797805
3070,281451.9474460061
3071,477947.066760424
3072,454140.8892838966
3073,608914.964016318
3074,358095.145040695
3075,290652.3751582032
3076,580958.9364455016
3077,561115.3456260824
3078,658438.9259197236
3079,1185880.7549097806
3080,733276.427731814
3081,767214.226474548
3082,212289.90626228816
3083,557890.6331478485
3084,457036.1040753942
3085,644811.4470677691
3086,639784.3170317335
3087,569831.0820597799
3088,782534.6449365318
3089,434717.74853257294
3090,502167.9385579582
3091,962840.6377701943
3092,601306.6000993354
3093,474971.40081609256
3094,243092.2916308762
3095,270387.4687310713
3096,123421.28579139936
3097,865301.3421468223
3098,245756.86122200987
3099,438856.77115518355
3100,117333.5566080364
3101,763252.978104289
3102,694032.1611718556
3103,320877.048616895
3104,468731.06909670774
3105,78501.70589572447
3106,848243.8046465814
3107,489560.20149373333
3108,545644.9496014626
3109,523675.80890833726
3110,148356.39168284053
3111,410557.76561153436
3112,492526.31167039095
3113,168851.75557740364
3114,687150.2808454883
3115,531261.9236908203
3116,359206.53645563876
3117,865319.5005777457
3118,499035.60417301033
3119,456211.4740303452
3120,191416.4915443
3121,578845.7134490656
3122,531824.1407931416
3123,433355.75903523155
3124,611921.9156817415
3125,452969.05960165255
3126,188016.7227886928
3127,507339.33162117656
3128,736716.046731079
3129,607559.9152132743
3130,689422.8704071558
3131,852564.4874692846
3132,1149144.148378852
3133,262736.46200934384
3134,388985.32232387376
3135,894419.8657046901
3136,894342.9368840803
3137,311066.89598521916
3138,858830.5963352297
3139,586904.585417462
3140,674875.502426191
3141,352771.3546948804
3142,332084.10289333813
3143,814006.887648484
3144,1126829.0885347275
3145,513814.75606988865
3146,631222.9846571446
3147,473044.02035688417
3148,514186.5679314525
3149,548301.5805905671
3150,314629.100424264
3151,1888973.8961204025
3152,445983.4816060028
3153,415827.75886462466
3154,547822.9220082727
3155,480298.930436271
3156,462620.52438776405
3157,488091.26969388983
3158,697766.9250692143
3159,172623.6346371774
3160,626009.6204123339
3161,665130.0047579341
3162,1313999.1910133008
3163,671045.3195880866
3164,552685.8596810527
3165,690709.1943020797
3166,276030.4900319657
3167,803330.0166253783
3168,897581.1111579267
3169,385491.89023552835
3170,1674517.8610660862
3171,526353.9894564244
3172,255059.0330052197
3173,417258.0325626269
3174,357443.61597549263
3175,641088.2843251209
3176,842457.8178278069
3177,744642.2007154953
3178,899574.3947807865
3179,720547.7232841869
3180,308014.70565487794
3181,1145057.3746913802
3182,548846.5053381334
3183,579114.413422488
3184,534895.8432920901
3185,431616.8358801447
3186,532384.8719904746
3187,426342.98403998045
3188,608112.8520749017
3189,207976.3862854889
3190,442803.7667449806
3191,407264.5372132757
3192,446198.19031773764
3193,535103.3072692183
3194,804291.028036389
3195,477910.3553572387
3196,518417.56136977975
3197,702567.0281974062
3198,967824.8869828939
3199,816395.4794194088
3200,302294.81250526186
3201,546320.1413882007
3202,714971.699998725
3203,862818.1293049398
3204,413024.04813562054
3205,320276.9704802217
3206,766920.9842506712
3207,516216.12797950546
3208,541231.375806923
3209,778456.3763236275
3210,1450429.5840493287
3211,834171.8114370621
3212,571075.0876363732
3213,306789.89105923404
3214,305538.0752636263
3215,624175.2272353891
3216,295878.191302188
3217,252454.99496853567
3218,446759.05622438644
3219,504339.7830841615
3220,502100.6331508517
3221,830446.1489310982
3222,250594.65222233703
3223,442498.42830607266
3224,549152.6994672231
3225,704921.6013544133
3226,492964.31583664106
3227,328413.2634878447
3228,1064571.0895912554
3229,449130.132689499
3230,808325.3187441654
3231,469661.6363816656
3232,605859.4277989176
3233,457605.8886278123
3234,577836.0322275813
3235,485375.9819874267
3236,679365.8457986111
3237,1595442.5373227675
3238,606456.890717105
3239,542137.6782780413
3240,797484.4530803972
3241,731920.2390414223
3242,249648.43117070524
3243,157833.73507875204
3244,995467.5663811943
3245,1216551.4221981908
3246,301108.0788167815
3247,204035.27813513333
3248,279685.97652970435
3249,247035.83543642936
3250,441390.1690365535
3251,422080.0725673329
3252,743651.4148861945
3253,383951.98724279355
3254,589201.7651006292
3255,432932.95527536067
3256,451638.51508379175
3257,469365.3898470126
3258,479268.42092319933
3259,603485.3479265969
3260,244792.30952455563
3261,512669.5491582141
3262,237111.02445372753
3263,378630.6740869746
3264,537321.7605116385
3265,360577.6827571007
3266,480751.7970853812
3267,323869.74572901696
3268,545343.2642594926
3269,320308.19623574195
3270,859857.3421971006
3271,449927.0712454269
3272,331244.1226839693
3273,1287843.6719451093
3274,538095.0799717708
3275,524042.92632521584
3276,465210.68248230335
3277,643771.8925841086
3278,459037.4169682766
3279,957774.5684608092
3280,645460.9417208222
3281,437569.7552147641
3282,463247.5216974889
3283,252577.7300418492
3284,177270.12440329156
3285,416422.4230929378
3286,535263.193986697
3287,797090.270428038
3288,1301848.592152018
3289,137967.78649366635
3290,292897.4618899146
3291,247675.45718492067
3292,293522.4378903963
3293,840592.8736973493
3294,363309.6007704516
3295,541514.8680555859
3296,668479.5840090475
3297,923434.7001715923
3298,382758.0657268227
3299,357301.2544251641
3300,486656.7101792763
3301,217962.5416403585
3302,847272.0758742702
3303,786634.1500810352
3304,605594.3617713324
3305,450387.22046730365
3306,782140.8175907837
3307,508741.04098256904
3308,479808.7314068548
3309,437202.91259374126
3310,431356.889494227
3311,555622.6147385284
3312,500068.9585726543
3313,152882.63272984116
3314,340191.388903272
3315,365215.0801339854
3316,337657.1443320132
3317,811157.8089677214
3318,752555.4420049426
3319,769950.9721211772
3320,289902.8452537853
3321,578813.6860679853
3322,278335.8335560738
3323,278335.8335560738
3324,316353.4776520001
3325,492405.463098712
3326,319798.3641050966
3327,226167.8444456723
3328,752743.7772163493
3329,844202.7938320537
3330,887245.7748840321
3331,415827.75886462466
3332,585404.596718926
3333,1322539.709553643
3334,568182.7959841735
3335,896020.9079824005
3336,467389.0050874486
3337,419679.931309774
3338,437457.2407582355
3339,419236.9843764728
3340,186915.43828327843
3341,450349.95251371834
3342,765495.6897261085
3343,525306.6504719408
3344,448586.5848407463
3345,738100.7513674973
3346,314706.9195550314
3347,221620.21087140613
3348,187947.31607775012
3349,509181.82330414036
3350,806144.1420085286
3351,383626.13416406733
3352,422417.05286150594
3353,689901.8633968052
3354,417071.18385788245
3355,724483.7013919461
3356,615983.4200846136
3357,453331.0240517952
3358,520395.04265077226
3359,464040.2665419651
3360,594222.3163862319
3361,706165.3895757595
3362,455822.487242085
3363,347160.97886130743
3364,425421.57525341917
3365,753070.7992670943
3366,680454.4152190704
3367,471974.94213456684
3368,650516.9271283407
3369,408749.4217312019
3370,286188.6492067808
3371,832116.7039794553
3372,639888.0631311659
3373,200921.98944486136
3374,1597167.7283087536
3375,324046.8536424337
3376,840115.38233236
3377,368155.0241033343
3378,437473.60139085737
3379,472894.4366500688
3380,501199.7660195813
3381,322058.77304254565
3382,471257.5598998197
3383,434522.7112214797
3384,1044535.0871665541
3385,630376.3606102628
3386,773233.7875618534
3387,249069.4569390384
3388,398593.9174611583
3389,775072.9651865443
3390,206194.5033944588
3391,942824.5361364286
3392,769191.5195833363
3393,515570.9488230814
3394,544923.1834546482
3395,728773.3385990335
3396,126125.06339559029
3397,414712.0361209398
3398,464903.7469638146
3399,189937.32407944876
3400,347095.5880435733
3401,608277.5329712888
3402,504000.51626388245
3403,561808.3951367438
3404,607335.5308262112
3405,690662.4103352941
3406,551240.7995793347
3407,339442.09201812436
3408,525457.0055443787
3409,238677.52216108813
3410,424433.92544639274
3411,419749.8021687795
3412,294878.9757877462
3413,1138663.33651064
3414,520307.4295359732
3415,380837.0817161877
3416,187788.11798707006
3417,441634.6032053957
3418,319044.15080161963
3419,329095.7076804176
3420,313774.5989470162
3421,583344.1528041387
3422,535216.0249421494
3423,594660.6224042234
3424,395504.86586817016
3425,439065.69453253475
3426,355688.0873714001
3427,274471.0715243098
3428,457528.9496084897
3429,602678.7935088915
3430,290723.3930100359
3431,597004.2795616526
3432,846233.3510863564
3433,467142.400299818
3434,565386.135749
3435,467412.14065776387
3436,808413.5723403422
3437,300953.61468669923
3438,370102.65100946365
3439,1058978.3356797502
3440,534103.3748294694
3441,306400.48370503477
3442,633171.5096651263
3443,630301.6605775695
3444,302830.82544255187
3445,351008.716673149
3446,160540.78192838968
3447,517917.15544403956
3448,1079743.084380323
3449,626408.5407293034
3450,453959.0551243719
3451,317952.63930549927
3452,611334.2485384475
3453,306935.8297544371
3454,390651.39716557367
3455,622509.8081580197
3456,464698.7669155684
3457,292387.8356428067
3458,494192.96958505333
3459,223239.05853814026
3460,298766.3348570103
3461,853119.6448198895
3462,249557.6495145883
3463,659336.7191572253
3464,716208.6334835623
3465,687874.9651875471
3466,280693.17561237037
3467,305909.06207921903
3468,363976.2768243466
3469,192094.5232594023
3470,738378.9784286444
3471,736363.4898190784
3472,890298.6703902299
3473,534570.048137299
3474,385324.73518424167
3475,857736.0531731732
3476,520835.49645510607
3477,2168280.8488953966
3478,403907.80470015894
3479,827470.5372664127
3480,528697.9570044519
3481,698629.4589728398
3482,477344.77634317364
3483,334569.2533261281
3484,439210.0109842089
3485,676988.8588918358
3486,820025.3709281008
3487,84885.23656059348
3488,633243.2675993771
3489,283694.27249452047
3490,311999.6018640329
3491,172856.23865501193
3492,732077.076893734
3493,480763.43431657297
3494,596840.8468487173
3495,466071.7875021583
3496,481368.66879604594
3497,494421.8440702445
3498,535240.0584163817
3499,507434.093633097
3500,435481.65994978824
3501,690227.1050796255
3502,796633.7750565175
3503,506650.79412152705
3504,595423.5242356581
3505,400713.10937996395
3506,180744.6161995058
3507,324665.53881304816
3508,614008.2532956565
3509,438047.0116385808
3510,436682.80400833936
3511,579486.8941921949
3512,490397.4759394974
3513,542002.8768355808
3514,499588.30098145036
3515,401425.08268884884
3516,450428.99278812564
3517,185979.9337655687
3518,365023.8275312438
3519,1166110.8846336436
3520,347400.37827904255
3521,379874.2902034564
3522,380657.4416907487
3523,1201235.0036575543
3524,345385.2205772471
3525,598191.3350843579
3526,841807.4367416146
3527,480975.2702713542
3528,927444.2479911749
3529,299744.5115811117
3530,478720.5617515957
3531,699102.3945467663
3532,721096.415182707
3533,1141987.3264237982
3534,1289751.6396894814
3535,384860.23786116106
3536,742221.365885929
3537,361438.73764783563
3538,1023794.34886432
3539,682018.0687988725
3540,1287658.5873825916
3541,471884.2565992163
3542,480642.98877889244
3543,325536.21136717737
3544,382873.79752818635
3545,552765.3500004448
3546,461502.96266367537
3547,803298.620648875
3548,1159006.385184692
3549,295601.6843130892
3550,626173.5299882332
3551,1210643.858802056
3552,545043.1655701457
3553,866283.0496034551
3554,633479.9060252295
3555,409400.346669191
3556,437963.60218653566
3557,572420.4395662122
3558,306508.6368785702
3559,299601.2530445645
3560,408223.2587071762
3561,448446.4005183884
3562,808719.5166399707
3563,148230.806531884
3564,895479.6471624692
3565,413084.839667041
3566,407143.987332297
3567,506733.9246304125
3568,374193.89265458065
3569,423722.81058469706
3570,560539.6099098967
3571,598716.1555775233
3572,414886.07171278144
3573,534465.596695933
3574,1046379.0563782421
3575,782369.7929651395
3576,859566.2914001972
3577,247743.75953136513
3578,554347.3105607891
3579,464950.86542426655
3580,387706.52956257353
3581,1280144.4509108155
3582,770339.6088423782
3583,278635.4890600733
3584,854742.3640895991
3585,492893.9720207107
3586,319187.66148583184
3587,550750.2331166689
3588,231809.6581107087
3589,375398.79751785786
3590,518325.33963550307
3591,689375.3718475032
3592,736062.9164161106
3593,476064.20663277846
3594,325212.5590684728
3595,583424.8993910836
3596,475387.93817732175
3597,334200.63381395134
3598,454657.6476920787
3599,413134.4170989999
3600,491022.1617942365
3601,454709.04011013726
3602,781249.7047536096
3603,464992.91202560434
3604,727729.863264451
3605,803590.9423304228
3606,163080.9610666944
3607,1534488.5759889055
3608,773526.4656469814
3609,280161.6459401613
3610,351079.0820678759
3611,459939.79498078465
3612,832746.69574787
3613,238754.16789710167
3614,588749.4347638877
3615,499091.4002466853
3616,161021.48949373595
3617,223483.84943544754
3618,320577.83168936823
3619,576404.442316949
3620,340288.62601117464
3621,551313.0869322639
3622,354559.6316725961
3623,297935.07813426334
3624,499299.1375897424
3625,193764.69986170385
3626,633063.8428744159
3627,692414.3736903585
3628,369185.8250498399
3629,319160.7563578014
3630,1222295.891281521
3631,1064742.8749807058
3632,469661.6363816656
3633,1330098.516111095
3634,280424.0717154455
3635,190506.32590059203
3636,728331.9961821664
3637,623201.1434977714
3638,285630.3192906978
3639,698711.6757642439
3640,474393.0097870251
3641,178074.25453884888
3642,178989.0680929835
3643,925677.6127991662
3644,851409.5759195234
3645,599915.2629633726
3646,398378.1311656145
3647,476892.9173574344
3648,530387.4290097493
3649,1013226.242719932
3650,888843.2373647151
3651,469808.4471633438
3652,471246.5366871848
3653,290959.05925617146
3654,843745.4918437877
3655,734666.186577948
3656,284785.3456734455
3657,382354.01192681666
3658,609959.0129368894
3659,516838.037595302
3660,618185.7188512041
3661,1157073.9946854417
3662,507800.1146640745
3663,403336.8165392905
3664,524371.066265507
3665,431903.78913673124
3666,626274.8284972834
3667,401274.98539421486
3668,300823.7069856074
3669,308738.6384643541
3670,434147.78752093576
3671,441358.67222847097
3672,4933.99810200138
3673,436609.1831456202
3674,497187.2188982877
3675,222922.46071567573
3676,953069.5286782559
3677,779483.1531525868
3678,342376.1990413527
3679,-19812.132676203153
3680,449129.9614288672
3681,487796.9565941833
3682,318601.1614120952
3683,1281206.9989924757
3684,699035.6348969232
3685,719818.5024145197
3686,615812.394966912
3687,276971.3294068831
3688,269091.9636591698
3689,402139.3255455424
3690,482179.05520606553
3691,739821.5361775765
3692,729686.3586647063
3693,252498.55820429203
3694,458714.1457921865
3695,264830.70735131623
3696,450219.4769573238
3697,577818.2409513184
3698,871523.6677023866
3699,538617.5877076206
3700,492941.1802663257
3701,1280132.6126335252
3702,463338.4974333636
3703,539173.5633328229
3704,746549.1898508543
3705,427906.1446608327
3706,1142780.3617787038
3707,838390.5893388981
3708,699268.6885212904
3709,349861.4981990407
3710,361023.6595299776
3711,783485.5749217942
3712,512443.8230165329
3713,546967.315900544
3714,382252.43624202185
3715,408726.28616088815
3716,337966.5651229796
3717,500355.76312974066
3718,643751.873206911
3719,663533.8579557086
3720,554134.533459436
3721,626006.3901964293
3722,608972.5056061423
3723,775153.1567511801
3724,201252.33177620074
3725,251751.9108513748
3726,306254.4669245931
3727,670324.8403489934
3728,327825.2710125913
3729,410514.1738320858
3730,474335.78236486594
3731,429590.83933308255
3732,536632.7108317985
3733,226018.39790620218
3734,809410.3692787676
3735,755410.4022368294
3736,557985.5656624456
3737,348227.2414895609
3738,237374.48718158418
3739,368899.3717050423
3740,709690.7476782484
3741,432406.41124004446
3742,614256.3802498493
3743,837417.6778879852
3744,900918.6354835335
3745,611158.6068288536
3746,733078.8836628913
3747,257534.8971390758
3748,152811.21768525988
3749,438043.2561942407
3750,2267773.918732384
3751,362477.0597352014
3752,198711.07577597006
3753,228654.46822111018
3754,406784.2082246066
3755,503311.9025286422
3756,433633.5981414523
3757,268288.3432845115
3758,544549.8507409581
3759,716913.6607875711
3760,1825591.7795595084
3761,443371.81413046224
3762,886835.7355521118
3763,694168.971214089
3764,474275.85381347855
3765,473491.4889846342
3766,173770.1083350781
3767,842739.8543048319
3768,321984.60970600473
3769,620911.8939823289
3770,649473.0599749456
3771,292437.11387871753
3772,618719.8467082191
3773,575140.8546071057
3774,653885.9458357188
3775,194224.9850529416
3776,719659.2346158269
3777,296110.9900390414
3778,409648.46848239645
3779,389802.5816853689
3780,146747.03026521008
3781,841317.7683978941
3782,759966.1590946077
3783,589125.5132945046
3784,507389.6498007663
3785,568954.3119661338
3786,505413.42855935195
3787,363918.9119588012
3788,367949.00234126946
3789,241485.57889032282
3790,326252.0583903559
3791,380662.400069468
3792,622741.3158314135
3793,460202.97512725386
3794,662193.3856747339
3795,703900.2455808651
3796,394907.7231603337
3797,144621.66401018167
3798,625141.6432178369
3799,341798.7309097758
3800,741612.3872742504
3801,502852.5362466719
3802,204897.66463771387
3803,214948.12374276185
3804,610893.1269775147
3805,189053.2470853944
3806,552739.9179687715
3807,776534.8836839536
3808,873590.2377550195
3809,313701.8832627033
3810,587870.0439318079
3811,381301.78228109435
3812,639135.5470923525
3813,704951.4457792637
3814,753184.229073849
3815,988363.9714359649
3816,309442.8787548252
3817,304333.7263848475
3818,449889.6716213558
3819,278095.15433552227
3820,478188.9586779799
3821,534608.6669793534
3822,699776.4844832753
3823,422103.2081376466
3824,843474.8690529051
3825,400066.22667222377
3826,571658.5069807803
3827,327900.0628994744
3828,763252.4640372954
3829,670608.2070676688
3830,840024.4839290715
3831,472619.40290234005
3832,610782.3098884666
3833,516781.8109857704
3834,176083.77814328962
3835,544135.1299692057
3836,608135.9876452154
3837,342890.75094174827
3838,847839.5067709016
3839,329159.4472385993
3840,483894.8565694357
3841,507975.25861245586
3842,375622.3679593542
3843,552582.1411698138
3844,430310.8981196748
3845,279841.2169039855
3846,529520.8832590595
3847,219561.27959887387
3848,495914.20197024645
3849,212936.13322011812
3850,200237.30294981948
3851,1127005.9358123413
3852,1120279.719553418
3853,862638.2029320579
3854,731692.1310509208
3855,702622.7167069763
3856,591950.0740635778
3857,709371.3970673366
3858,1634574.9110079403
3859,884847.4385780338
3860,1123193.8923123684
3861,94401.52511869674
3862,455502.50426655385
3863,616500.9912363898
3864,1030471.6029964895
3865,234633.96322682267
3866,347180.4408334865
3867,683767.8971847083
3868,944211.1076812921
3869,427302.5188374039
3870,459754.24495317996
3871,489692.86652020674
3872,882851.2060583929
3873,835345.7433250153
3874,411006.5732241228
3875,707261.0054782935
3876,1339239.506395413
3877,123703.62627086864
3878,585935.3925082176
3879,880756.8586619435
3880,326146.9874085713
3881,772782.7881331992
3882,596714.51779088
3883,729410.6373239495
3884,550054.5155937462
3885,833243.5028894006
3886,811065.2528065289
3887,574909.5586919731
3888,896147.6440690556
3889,720546.5306321387
3890,392347.6027459461
3891,662294.7698692083
3892,250801.4309027805
3893,349164.66950783215
3894,533072.3798442845
3895,242437.62711645762
3896,704320.8058379798
3897,260195.91422919376
3898,563565.636963472
3899,468122.4133013952
3900,349079.2500042905
3901,469698.9043352509
3902,588905.815553815
3903,763986.2125679491
3904,452577.0396801567
3905,505082.5587846358
3906,946625.1527356807
3907,343636.5606617959
3908,419714.0884733611
3909,601352.8712399645
3910,713497.9454994673
3911,1995545.790920828
3912,594999.296041125
3913,513787.5395968025
3914,798871.2394407518
3915,553558.866408086
3916,456035.5165182614
3917,644283.4828232581
3918,934257.9672196445
3919,321560.09140400786
3920,493755.2839844991
3921,319552.5781012045
3922,553811.6940251939
3923,1251839.1215413031
3924,665674.6451218968
3925,254203.1782917265
3926,381560.594834908
3927,340383.53240690054
3928,397182.68299111386
3929,866357.3867335462
3930,395887.3396824829
3931,214566.74521840765
3932,297297.69702021364
3933,507862.7348831048
3934,495582.61523760157
3935,564626.0382277286
3936,376583.9164539613
3937,848703.4161502636
3938,260766.2239667087
3939,413625.41835629946
3940,331021.77016786684
3941,447688.98705468216
3942,212008.71358487336
3943,520633.7182498789
3944,628012.7845881513
3945,615048.5965703728
3946,234367.4212559581
3947,818986.0603787221
3948,238216.81624861655
3949,281464.9286330248
3950,701638.725993312
3951,376195.39021137444
3952,328704.8009747013
3953,626026.1628692045
3954,496140.940856126
3955,366585.994382497
3956,507124.3280319638
3957,571927.6221024246
3958,807783.9979513162
3959,475692.4427427616
3960,456749.6366242138
3961,494983.8313675947
3962,373971.92933852435
3963,553253.9790956398
3964,844138.3144218969
3965,473461.86674802855
3966,126162.33134917507
3967,537101.4577012963
3968,1183095.090902633
3969,623404.2296154327
3970,614134.0644198246
3971,741441.2813208811
3972,563779.6662402336
3973,468933.87243539124
3974,528691.4986884046
3975,517698.8371109773
3976,445561.3712943331
3977,378703.2636520959
3978,430211.3147659688
3979,355603.4663767951
3980,386199.43072112964
3981,425160.7028787805
3982,295777.79150670813
3983,736025.7080556272
3984,585222.0532373886
3985,1269951.5747581995
3986,375609.21891008917
3987,366801.49770709744
3988,310855.32510838524
3989,260580.72467459872
3990,670386.5017248461
3991,537839.1545952159
3992,587507.0755255698
3993,966752.8532430215
3994,639564.4158254317
3995,312709.14146093314
3996,314600.2448905023
3997,571578.4115231814
3998,650464.9450660886
3999,325169.38430242613
4000,518182.7810216043
4001,360467.76156809996
4002,221586.52714073576
4003,306982.8008499595
4004,669069.5113830662
4005,173739.52555911202
4006,494875.3152209895
4007,464922.1147669028
4008,360803.15320965816
4009,324136.2601432132
4010,320903.26173335843
4011,578905.6324578611
4012,371591.7680148493
4013,210857.51837269287
4014,957153.7192379475
4015,459037.4169682766
4016,503129.4702428179
4017,308874.3029328403
4018,590603.526971327
4019,669742.6447006764
4020,1555388.3943072688
4021,556012.0101401444
4022,451508.5411663685
4023,560790.9120749268
4024,527054.3363206014
4025,326036.69375806605
4026,1397029.1636501467
4027,810930.9904677265
4028,718233.146970076
4029,481115.4170186331
4030,723708.3487283528
4031,1117400.3473168565
4032,802545.4439503859
4033,916142.273974334
4034,279610.5346473006
4035,510040.82009463187
4036,118379.30354349758
4037,893518.8538081398
4038,944582.2044123671
4039,521276.3055555346
4040,615398.4694322173
4041,309197.5907647407
4042,182756.17942753754
4043,1333477.278903817
4044,283419.1582274343
4045,277308.6973927688
4046,539682.4954140738
4047,444738.6909873716
4048,360923.8515248762
4049,505600.4856050523
4050,318355.8043468908
4051,712564.439752362
4052,529034.7471632593
4053,446116.86289449956
4054,1463188.8264421616
4055,626290.7596286299
4056,823498.8526390574
4057,414862.93614246615
4058,498327.8782445256
4059,516947.11909866706
4060,753812.0667070264
4061,178684.85386084346
4062,562045.4536024588
4063,608363.4118321227
4064,454354.01810937235
4065,764044.2339691151
4066,283775.85775303305
4067,768833.6636090158
4068,482926.0393501824
4069,677962.4195893938
4070,132601.48899695673
4071,571194.9021015979
4072,326895.90267504554
4073,430054.8364967333
4074,467142.400299818
4075,252394.458507328
4076,365948.49073097913
4077,657959.9082008236
4078,1526787.7767028376
4079,489869.1419464343
4080,418836.4530910567
4081,431671.2760945245
4082,1220819.6817089599
4083,316030.9976037384
4084,694646.9406432965
4085,825752.3613735087
4086,371657.16924883286
4087,401858.5006852797
4088,318095.9411490884
4089,505422.5713173092
4090,455031.0247554153
4091,270826.733031855
4092,485884.9937342811
4093,1475677.9612186889
4094,602182.0506412358
4095,450349.95251371834
4096,374586.05915777246
4097,329159.4472385993
4098,375513.03510239144
4099,352555.38250922214
4100,292760.3640966945
4101,264114.70823862683
4102,369407.3202895958
4103,426017.57943445083
4104,813808.5919546254
4105,765834.2155758458
4106,596047.9986789209
4107,441640.0836761825
4108,345205.247387844
4109,743414.2795353216
4110,232185.38145248435
4111,468476.17741946224
4112,312886.9775937667
4113,798664.7679514783
4114,291756.7591439493
4115,424749.2068234839
4116,444156.2238044508
4117,301946.23874198215
4118,487293.1479560367
4119,331862.89672279474
4120,838773.7446336261
4121,232517.52822128363
4122,330616.82608441304
4123,691275.4944548662
4124,825465.8749655664
4125,354960.3789722505
4126,436746.07299398514
4127,539537.6289008424
4128,759818.0623668353
4129,693654.518072273
4130,234558.88640735782
4131,465944.0557243377
4132,370922.6849483602
4133,546651.2763889122
4134,1001991.5584497153
4135,871688.2369188168
4136,942435.9771050129
4137,436507.8409024232
4138,472419.64716677077
4139,254003.33057575405
4140,528769.9085863916
4141,723264.9945742966
4142,717898.6713600759
4143,601948.592393758
4144,531015.0168278863
4145,460433.12369558593
4146,405019.30714525597
4147,320515.3678670886
4148,481297.2580986495
4149,579997.1142180185
4150,447782.0128335813
4151,831601.696627646
4152,505612.4564665596
4153,406121.3608867595
4154,423688.2322186909
4155,520664.4952491766
4156,313180.83907967294
4157,313565.2465763141
4158,311349.59846614656
4159,696824.5547127675
4160,823105.4859107598
4161,84280.96529734088
4162,372604.38058803906
4163,358150.86791765655
4164,435837.7744518231
4165,426390.940531344
4166,395380.6403450067
4167,547104.9545492157
4168,469618.99255238957
4169,511496.80042019
4170,1033087.2793122677
4171,518306.558533523
4172,480820.5202407748
4173,255563.09884257562
4174,495745.468417494
4175,858925.5684627319
4176,497653.4324353334
4177,1656107.8428799678
4178,679681.0201856064
4179,1033902.6871197964
4180,40042.57614613214
4181,602676.3114231928
4182,383619.97212197894
4183,1439467.673523576
4184,419688.9344968183
4185,255936.16379770648
4186,644120.3726406936
4187,907517.8164086058
4188,678347.9588807554
4189,360580.98772491096
4190,488204.12994038843
4191,544215.2859903341
4192,608064.3600628173
4193,625902.2348578656
4194,877152.6634217624
4195,1122654.125931737
4196,1042941.0210354319
4197,516860.3221822309
4198,694396.9032630823
4199,478524.80632683635
4200,568249.747742507
4201,461826.3465980553
4202,511400.2528033416
4203,624196.135028477
4204,1018622.5644107887
4205,537858.2428245008
4206,634372.5596549517
4207,410029.463423943
4208,452969.05960165255
4209,854808.7934205718
4210,483861.50059618265
4211,964682.8222821791
4212,604592.3803612976
4213,694904.9932628989
4214,755537.7337416968
4215,1180425.647621484
4216,1374986.7835639298
4217,467412.14065776387
4218,521940.4822515972
4219,659272.4773765361
4220,499143.76950234675
4221,536444.656154022
4222,320230.69933959265
4223,479145.349513677
4224,2254941.846605674
4225,759662.5889054812
4226,438243.3306686368
4227,526794.026065165
4228,521940.4822515972
4229,378351.3515191588
4230,1062831.3000267576
4231,1152177.4026198206
4232,425940.826964304
4233,592772.9167738314
4234,845403.2968319937
4235,1013003.4287384789
4236,194153.77267118677
4237,492827.5637653861
4238,553159.7992680622
4239,735280.8542794192
4240,1718749.4086039336
4241,230481.77954082337
4242,1051109.833158759
4243,1240182.145543171
4244,608797.3434444794
4245,202857.0046025465
4246,236857.91423780174
4247,347908.0488327152
4248,339697.4911819695
4249,536252.807877107
4250,1245612.5291968253
4251,358996.92742979835
4252,696510.7681644863
4253,371346.1114915729
4254,549475.4316528237
4255,322225.05028588604
4256,510664.13695214514
4257,421179.9144529574
4258,718513.8656370924
4259,362865.08974443923
4260,162865.4814617759
4261,1053584.7865226509
4262,792349.8501330508
4263,451278.1453498327
4264,464225.33444516733
4265,529328.1785982081
4266,436756.56910223607
4267,680485.8327870548
4268,520622.8754797257
4269,310553.4143875368
4270,621609.2072891316
4271,879801.3958661655
4272,612029.3880423959
4273,387365.5131200731
4274,591407.351082113
4275,288530.9266573875
4276,665870.6394413868
4277,640730.1748393282
4278,1526614.8026216475
4279,450219.4769573238
4280,234072.55220678065
4281,570980.1795478696
4282,246800.43039453437
4283,788830.1185218882
4284,542321.0863746153
4285,367856.58030492393
4286,2187023.6643861015
4287,646471.4785760536
4288,222091.97887161042
4289,941817.1688008658
4290,611431.8787748044
4291,639737.2081443169
4292,536046.5585673052
4293,473799.2563236187
4294,347039.06781758624
4295,224188.23267027957
4296,496825.42424577894
4297,473383.0833862065
4298,451740.54573289846
4299,398220.8551008814
4300,1027150.9201389058
4301,413187.2290371159
4302,450639.59934286354
4303,991649.2408252637
4304,396880.0095490003
4305,531645.7515220919
4306,627628.5669153449
4307,1312395.7598345294
4308,607770.1246728507
4309,831450.7930792762
4310,1634982.7903426494
4311,441317.17037429137
4312,127234.23367655597
4313,456720.39725841227
4314,452281.0662442553
4315,559658.0762409618
4316,815522.4774822148
4317,514541.6006665343
4318,507389.6498007663
4319,466480.4110317427
4320,186232.22111590533
4321,441609.290052934
4322,187937.1855185157
